"breadcrumbs_Riex GA77 Furniture leg D22, H150, brushed gold",breadcrumbs_Concealed Slides,breadcrumbs_Aluminium,"breadcrumbs_Riex NU80 (19mm) Concealed slide, full extension, soft-close, synchro, 40 kg, 500 mm, 3D brackets",description,"breadcrumbs_Riex NK50/NK55 Push for open adapter for external installation, light grey",parameters_Type of Tread,breadcrumbs_Furniture Fittings,"breadcrumbs_Riex NX40 Double wall slide, basic drawer, 86/450 mm, grey","breadcrumbs_RiexTouch XK10 Knob, polished chrome","breadcrumbs_Riex JC41 Angled bracket, 50x50x15 mm, T2, white zinc","breadcrumbs_RiexTouch XH02 Handle, 256 mm, matt black","breadcrumbs_Citterio Giulio XH60 Handle, 320 mm, matt gold",parameters_Set with Mounting Plate,"breadcrumbs_RiexTouch XH05 Handle, 160 mm, polished chrome","breadcrumbs_Riex NC70 Hinge clip on, 90°, soft-close","breadcrumbs_RiexTouch XH01 Handle, 160 mm, stainless steel","breadcrumbs_Riex NU80 (19mm) Concealed slide, full extension, soft-close, synchro, 40 kg, 300 mm, 3D brackets","breadcrumbs_RiexTouch XP01 Screw profile, 32 mm, matt black","breadcrumbs_RiexTouch XK05 Knob, matt gold","breadcrumbs_RiexTouch XH14 Handle, 160 mm, stainless steel","breadcrumbs_Riex NU80 (19mm) Concealed slide, full extension, soft-close, synchro, 40 kg, 400 mm, 3D brackets",parameters_Surface Finishing,"breadcrumbs_RiexTouch XH01 Handle, 160 mm, polished chrome",breadcrumbs_Ball Bearing Slides,breadcrumbs_Screw,"breadcrumbs_Riex GS25 Furniture leg H50, chrome","breadcrumbs_Riex NB58 Ball bearing slide, full extension, soft-close, 35 kg/35 kg, H45, 500 mm, nickel",parameters_Push for Open,parameters_Slides Thickness,"breadcrumbs_Riex NR09 Roller slide, 450 mm, white","breadcrumbs_RiexTouch XH01 Handle, 160 mm, brushed nickel","breadcrumbs_Riex NR09 Roller slide, 300 mm, white",breadcrumbs_Handle Profiles,"breadcrumbs_RiexTouch XH05 Handle, 128 mm, polished chrome","breadcrumbs_RiexTouch XH14 Handle, 192 mm, stainless steel",breadcrumbs_Cup Hinges Clip-On,"breadcrumbs_Handles, Knobs, Profiles and Hooks",breadcrumbs_Connection Fittings,parameters_Length,"breadcrumbs_RiexTouch XH08 Handle, 128 mm, polished chrome",parameters_Rectification,parameters_Material,parameters_Quantity in Box,breadcrumbs_Castors,parameters_Loading Capacity,parameters_Installation to Cabinet,"breadcrumbs_RiexTouch XH11 Handle, 320 mm, matt black","breadcrumbs_RiexTouch XH34 Handle, 128 mm, polished chrome","breadcrumbs_Citterio Giulio XH60 Handle, 320 mm, matt black","breadcrumbs_RiexTouch XH02 Handle, 256 mm, polished chrome","breadcrumbs_Connecting Plates, Angles","breadcrumbs_Riex GC10 Furniture castor D50, plate 42x42x2 mm, brake, black","breadcrumbs_Riex NB58 Ball bearing slide, full extension, soft-close, 35 kg/35 kg, H45, 450 mm, nickel","breadcrumbs_RiexTouch XH01 Handle, 224 mm, matt nickel","breadcrumbs_Citterio Giulio XD04 Knob, pink","breadcrumbs_Riex NB58 Ball bearing slide, full extension, soft-close, 35 kg/25 kg, H45, 350 mm, nickel","breadcrumbs_RiexTouch XH02 Handle, 128 mm, polished chrome",breadcrumbs_Metal,"breadcrumbs_Riex VH31 Pull-out tie/belt rack, 29 plastic hooks, light grey","breadcrumbs_Riex JC46 Connection plate, 80x30 mm, T2, white zinc",breadcrumbs_Full Extension,parameters_Height Adjustment,"breadcrumbs_Furniture Legs, Castors, Glides","breadcrumbs_Riex NR09 Roller slide, 350 mm, white","breadcrumbs_Citterio Giulio XH59 Handle, 160 mm, matt black","breadcrumbs_RiexTouch XH01 Handle, 224 mm, polished chrome",parameters_Collection,"breadcrumbs_RiexTouch XH01 Handle, 192 mm, polished chrome","breadcrumbs_Riex NB51 Ball bearing slide, full extension, PushForOpen, 35 kg/33 kg, H45, 600 mm, nickel","breadcrumbs_Riex NB51 Ball bearing slide, full extension, PushForOpen, 35 kg/33 kg, H45, 550 mm, nickel",parameters_Soft-Close,"breadcrumbs_Riex NU80 (19mm) Concealed slide, full extension, soft-close, synchro, 40 kg, 450 mm, 3D brackets",breadcrumbs_Furniture Legs Visible,parameters_Fixing Type,"breadcrumbs_RiexTouch XH02 Handle, 160 mm, polished chrome","breadcrumbs_RiexTouch XH14 Handle, 320 mm, stainless steel","breadcrumbs_RiexTouch XP45 Drive-in profile, 396 mm, stainless steel imitation",parameters_Magnet,breadcrumbs_Roller Slides,breadcrumbs_Hinges & Push for Open Mechanisms,breadcrumbs_Knobs,"breadcrumbs_Riex NK50 Push for open for drilling 10 mm, 38 mm with buffer, light grey","breadcrumbs_Citterio Giulio XH59 Handle, 160 mm, matt gold","breadcrumbs_Riex GK40 Kitchen adjustable leg, 3 parts, 150 mm (-5/+15)","breadcrumbs_Riex GS25 Furniture leg H50, matt black",breadcrumbs_Angular,"breadcrumbs_RiexTouch XH14 Handle, 128 mm, stainless steel","breadcrumbs_Riex NB51 Ball bearing slide, full extension, PushForOpen, 35 kg/35 kg, H45, 450 mm, nickel",breadcrumbs_Adjustable Kitchen Legs,breadcrumbs_Visible,"breadcrumbs_RiexTouch XH11 Handle, 128 mm, matt black","breadcrumbs_RiexTouch XH08 Handle, 128 mm, polished gold","breadcrumbs_RiexTouch XP01 Screw profile, 320 mm, matt black",title,breadcrumbs_Connecting Plates,breadcrumbs_Wardrobe Fittings,"breadcrumbs_Riex NB58 Ball bearing slide, full extension, soft-close, 35 kg/30 kg, H45, 400 mm, nickel","breadcrumbs_RiexTouch XK12 Knob, polished chrome",parameters_Height,"breadcrumbs_Riex NR09 Roller slide, 250 mm, white","breadcrumbs_Riex NB48 Ball bearing slide, full extension, soft-close, 30 kg/30 kg, H45, 450 mm, nickel","breadcrumbs_Riex NB58 Ball bearing slide, full extension, soft-close, 35 kg/20 kg, H45, 300 mm, nickel","breadcrumbs_Riex JC47 Angled bracket wide, 40x40x30 mm, T2, white zinc",parameters_Mechanism,"breadcrumbs_Riex NC70 Hinge clip on, 45°, soft-close",breadcrumbs_Drive-in - Standard lengths,"breadcrumbs_RiexTouch XH34 Handle, 128 mm, matt chrome",breadcrumbs_Angles,breadcrumbs_Standard Double Wall Drawers,"breadcrumbs_RiexTouch XH01 Handle, 320 mm, brushed nickel",parameters_Static Loading Capacity,"breadcrumbs_RiexTouch XP01 Screw profile, 160 mm, matt black","breadcrumbs_RiexTouch XH08 Handle, 128 mm, matt nickel","breadcrumbs_Riex GK40 Kitchen adjustable leg, 3 parts, 100 mm (-5/+15)","breadcrumbs_Riex NB58 Ball bearing slide, full extension, soft-close, 35 kg/30 kg, H45, 550 mm, nickel",parameters_Length of Ejection,"breadcrumbs_RiexTouch XH02 Handle, 160 mm, matt black",breadcrumbs_Drawers,"breadcrumbs_Citterio Giulio XD04 Knob, blue","breadcrumbs_RiexTouch XH05 Handle, 128 mm, polished gold",breadcrumbs_Tie Hangers,"breadcrumbs_Citterio Giulio XH60 Handle, 160 mm, matt black",parameters_Catalogue Page,breadcrumbs_Standard,"breadcrumbs_RiexTouch XH02 Handle, 128 mm, brushed nickel","breadcrumbs_RiexTouch XH08 Handle, 128 mm, matt chrome","breadcrumbs_RiexTouch XH14 Handle, 256 mm, stainless steel","breadcrumbs_RiexTouch XH01 Handle, 320 mm, matt black",parameters_Brand,"breadcrumbs_RiexTouch XH08 Handle, 96 mm, polished gold",parameters_Colour,"breadcrumbs_RiexTouch XH01 Handle, 96 mm, polished chrome",breadcrumbs_Mechanisms,parameters_Synchronisation,"breadcrumbs_RiexTouch XH01 Handle, 256 mm, brushed nickel","breadcrumbs_RiexTouch XH11 Handle, 160 mm, matt black",parameters_Diameter,"breadcrumbs_RiexTouch XH01 Handle, 96 mm, brushed nickel",parameters_Board Thickness,"breadcrumbs_Riex NR09 Roller slide, 500 mm, white","breadcrumbs_RiexTouch XH02 Handle, 256 mm, brushed nickel",parameters_Door Position,"breadcrumbs_Riex NB51 Ball bearing slide, full extension, PushForOpen, 35 kg/30 kg, H45, 400 mm, nickel","breadcrumbs_RiexTouch XP01 Screw profile, 160 mm, anodised aluminium","breadcrumbs_RiexTouch XH01 Handle, 96 mm, stainless steel",code,"breadcrumbs_Citterio Giulio XH59 Handle, 320 mm, matt gold",breadcrumbs_Adjustable Legs and Glides,"breadcrumbs_Riex JC52 Angled bracket, 17x17x15 mm, T1,5, white zinc",parameters_Model,"breadcrumbs_Riex NC70 Hinge clip on, 135°, without soft-close","breadcrumbs_RiexTouch XH05 Handle, 160 mm, brushed nickel","breadcrumbs_Riex NU70 Concealed slide, full extension, push for open, synchro, 35 kg, 450 mm, 2D brackets","breadcrumbs_Riex NB51 Ball bearing slide, full extension, PushForOpen, 35 kg/35 kg, H45, 500 mm, nickel","breadcrumbs_RiexTouch XP01 Screw profile, 320 mm, anodised aluminium","breadcrumbs_Riex NB51 Ball bearing slide, full extension, PushForOpen, 35 kg/19 kg, H45, 300 mm, nickel","breadcrumbs_RiexTouch XH01 Handle, 320 mm, stainless steel","breadcrumbs_Riex NC50 Hinge clip on, full overlay, soft-close",breadcrumbs_Accessories,"breadcrumbs_Riex NB51 Ball bearing slide, full extension, PushForOpen, 35 kg/26 kg, H45, 350 mm, nickel",imageUrl,"breadcrumbs_Citterio Giulio XH60 Handle, 160 mm, matt gold","breadcrumbs_RiexTouch XP45 Drive-in profile, 196 mm, stainless steel imitation","breadcrumbs_Riex NR09 Roller slide, 400 mm, white","breadcrumbs_Riex NB58 Ball bearing slide, full extension, soft-close, 35 kg/25 kg, H45, 600 mm, nickel","breadcrumbs_Citterio Giulio XH59 Handle, 320 mm, matt black","breadcrumbs_RiexTouch XK10 Knob, matt chrome",breadcrumbs_Slides,parameters_CC Distance,"breadcrumbs_Riex NB48 Ball bearing slide, full extension, soft-close, 30 kg/26 kg, H45, 400 mm, nickel","breadcrumbs_RiexTouch XH08 Handle, 128 mm, brushed nickel",breadcrumbs_Hangers,"breadcrumbs_Riex NR09 Roller slide, 600 mm, white",breadcrumbs_Handles and Knobs,parameters_Brackets,"breadcrumbs_RiexTouch XH02 Handle, 128 mm, matt black",breadcrumbs_Push for Open Mechanisms,"breadcrumbs_RiexTouch XH02 Handle, 160 mm, brushed nickel",breadcrumbs_Drawer Slides,"breadcrumbs_RiexTouch XH05 Handle, 160 mm, polished gold",breadcrumbs_Home
,,,,"Handle screw profile on the edge of the door, with screwing from the back side.",,,/en/furniture-fittings/,,,,,,,,,,,,,,,Matt,,,/en/catalogue/screw-fw040201/,,,,,,,,/en/catalogue/handle-profiles-fw0402/,,,,/en/catalogue/handles-knobs-profiles-and-hooks-fw04/,,,,,Aluminium,160,,,,,,,,,,,,,,,,,,,,,,,,,,,,,,,,,,,,,,,,,,,,,,,,,,/en/product/riextouch-xp01-screw-profile-320-mm-matt-black-fwf001443/,"RiexTouch XP01 Screw profile, 320 mm, matt black",,,,,,,,,,,,,,,,,,,,,,,,,,,,,4.78,,,,,,Riex,,Black,,,,,,,,,,,,,,,F001443,,,,,,,,,,,,,,,https://hosting.photorobot.com/images/4748478675156992/-Mkakih5GtUpgs5GHRhE/FINAL/8x5yY6g_PaceMU9FAj3Ypw,,,,,,,,320 mm,,,,,,,,,,,,/en/
,,,,Metal handle with screws for screwing to the front of the cabinet.,,,/en/furniture-fittings/,,,,,,,,,,,,,,,Matt,,,,,,,,,,,,,,,/en/catalogue/handles-knobs-profiles-and-hooks-fw04/,,,,,Zamac,50,,,,,,,,,,,,,,,,,,,,,,,,,,,,,,,,,,,,,,,,,,,,,,,,,,,"RiexTouch XH02 Handle, 160 mm, matt black",,,,,,,,,,,,,,,,,,,,,,,/en/product/riextouch-xh02-handle-160-mm-matt-black-fwf001246/,,,,,,4.39,/en/catalogue/standard-fw040101/,,,,,Riex,,Black,,,,,,,,,,,,,,,F001246,,,,,,,,,,,,,,,https://hosting.photorobot.com/images/4748478675156992/-NLuTVsEs7xP6nZ3hldO/FINAL/FFHIsImxVqYyKUGFdb-m9g,,,,,,,,160 mm,,,,,/en/catalogue/handles-and-knobs-fw0401/,,,,,,,/en/
,,,,Metal handle with screws for screwing to the front of the cabinet.,,,/en/furniture-fittings/,,,,,,,,,,,,,,,Matt,,,,,,,,,,,,,,,/en/catalogue/handles-knobs-profiles-and-hooks-fw04/,,,,,Zamac,35,,,,,,,,,,,,,,,,,,,,,,,,,,,,,,,,,,,,,,,,,,,,,,,,,,,"Citterio Giulio XH59 Handle, 320 mm, matt gold",,,,,,,,,,,,,,,,,,,,,,,,,,,,,4.11,/en/catalogue/standard-fw040101/,,,,,Citterio Giulio,,Gold,,,,,,,,,,,,,,,F003275,/en/product/citterio-giulio-xh59-handle-320-mm-matt-gold-fwf003275/,,,,,,,,,,,,,,https://hosting.photorobot.com/images/4748478675156992/-MoJ6rE6jOXmv1LQoBoA/FINAL/tfHZOvaEN0ZMKFYzuHCAfw,,,,,,,,320 mm,,,,,/en/catalogue/handles-and-knobs-fw0401/,,,,,,,/en/
,,,,Metal handle with screws for screwing to the front of the cabinet.,,,/en/furniture-fittings/,,,,,,,,,,,,,,,Brushed,,,,,,,,,/en/product/riextouch-xh01-handle-160-mm-brushed-nickel-fwf001586/,,,,,,/en/catalogue/handles-knobs-profiles-and-hooks-fw04/,,,,,Steel,20,,,,,,,,,,,,,,,,,,,,,,,,,,,,,,,,,,,,,,,,,,,,,,,,,,,"RiexTouch XH01 Handle, 160 mm, brushed nickel",,,,,,,,,,,,,,,,,,,,,,,,,,,,,4.29,/en/catalogue/standard-fw040101/,,,,,Riex,,Nickel,,,,,,,,,,,,,,,F001586,,,,,,,,,,,,,,,https://hosting.photorobot.com/images/4748478675156992/-NFsIL1YKR8lJ4_4HtPK/FINAL/YuZj2_OsUqZ28ZFfHbhmBQ,,,,,,,,160 mm,,,,,/en/catalogue/handles-and-knobs-fw0401/,,,,,,,/en/
,,,,Metal handle with screws for screwing to the front of the cabinet.,,,/en/furniture-fittings/,,,,,,,/en/product/riextouch-xh05-handle-160-mm-polished-chrome-fwf002804/,,,,,,,,Polished,,,,,,,,,,,,,,,/en/catalogue/handles-knobs-profiles-and-hooks-fw04/,,,,,Steel,25,,,,,,,,,,,,,,,,,,,,,,,,,,,,,,,,,,,,,,,,,,,,,,,,,,,"RiexTouch XH05 Handle, 160 mm, polished chrome",,,,,,,,,,,,,,,,,,,,,,,,,,,,,4.31,/en/catalogue/standard-fw040101/,,,,,Riex,,Chrome,,,,,,,,,,,,,,,F002804,,,,,,,,,,,,,,,https://hosting.photorobot.com/images/4748478675156992/-NIHg08JiPU6BFk0aHdm/FINAL/2YZ6zekg9pCuMXmtvSLjgA,,,,,,,,160 mm,,,,,/en/catalogue/handles-and-knobs-fw0401/,,,,,,,/en/
,,,,Metal handle with screws for screwing to the front of the cabinet.,,,/en/furniture-fittings/,,,,,,,,,,,,,,,Matt,,,,,,,,,,,,,,,/en/catalogue/handles-knobs-profiles-and-hooks-fw04/,,,,,Zamac,25,,,,/en/product/riextouch-xh11-handle-320-mm-matt-black-fwf002186/,,,,,,,,,,,,,,,,,,,,Erebos Line,,,,,,,,,,,,,,,,,,,,,,,,,,,"RiexTouch XH11 Handle, 320 mm, matt black",,,,,,,,,,,,,,,,,,,,,,,,,,,,,4.44,/en/catalogue/standard-fw040101/,,,,,Riex,,Black,,,,,,,,,,,,,,,F002186,,,,,,,,,,,,,,,https://hosting.photorobot.com/images/4748478675156992/-NoRcK5r12KxTx2z9Mp0/FINAL/CN7hqtW5gKp-ntQC6GxlwQ,,,,,,,,320 mm,,,,,/en/catalogue/handles-and-knobs-fw0401/,,,,,,,/en/
,,,,Metal handle with screws for screwing to the front of the cabinet.,,,/en/furniture-fittings/,,,,,,,,,,,,,,,Polished,,,,,,,,,,,,,,,/en/catalogue/handles-knobs-profiles-and-hooks-fw04/,,,,,Zinc,25,,,,,,,,,,,,,,,,,,,,,,,,,,,,,,,,,,,,,,,,,,,,,,,,,/en/product/riextouch-xh08-handle-128-mm-polished-gold-fwf002231/,,"RiexTouch XH08 Handle, 128 mm, polished gold",,,,,,,,,,,,,,,,,,,,,,,,,,,,,4.34,/en/catalogue/standard-fw040101/,,,,,Riex,,Gold,,,,,,,,,,,,,,,F002231,,,,,,,,,,,,,,,https://hosting.photorobot.com/images/4748478675156992/-MrbDztuz_6jVPuIlKk2/FINAL/3by-OpEc3MBZs6Pg289xvg,,,,,,,,128 mm,,,,,/en/catalogue/handles-and-knobs-fw0401/,,,,,,,/en/
,,,,Metal handle with screws for screwing to the front of the cabinet.,,,/en/furniture-fittings/,,,,,,,,,,,,,,,Brushed,,,,,,,,,,,,,,,/en/catalogue/handles-knobs-profiles-and-hooks-fw04/,,,,,Stainless Steel,,,,,,,,,,,,,,,,,,,,,,,,,Stylucia Line,,,,,,,,,,,,,,,,,,,,,,,,,,,"RiexTouch XH14 Handle, 256 mm, stainless steel",,,,,,,,,,,,,,,,,,,,,,,,,,,,,4.29,/en/catalogue/standard-fw040101/,,,/en/product/riextouch-xh14-handle-256-mm-stainless-steel-fwf002265/,,Riex,,Stainless Steel,,,,,,,,,,,,,,,F002265,,,,,,,,,,,,,,,https://hosting.photorobot.com/images/4748478675156992/-NVYi9EaQvXl_2nD7cmF/FINAL/FcBrQRQ2J7x03aUil-yUkQ,,,,,,,,256 mm,,,,,/en/catalogue/handles-and-knobs-fw0401/,,,,,,,/en/
,,,,Metal handle with screws for screwing to the front of the cabinet.,,,/en/furniture-fittings/,,,,,,,,,,,,,,,Brushed,,,,,,,,,,,,,,,/en/catalogue/handles-knobs-profiles-and-hooks-fw04/,,,,,Stainless Steel,,,,,,,,,,,,,,,,,,,,,,,,,Stylucia Line,,,,,,,,,/en/product/riextouch-xh14-handle-320-mm-stainless-steel-fwf002266/,,,,,,,,,,,,,,,,,,"RiexTouch XH14 Handle, 320 mm, stainless steel",,,,,,,,,,,,,,,,,,,,,,,,,,,,,4.29,/en/catalogue/standard-fw040101/,,,,,Riex,,Stainless Steel,,,,,,,,,,,,,,,F002266,,,,,,,,,,,,,,,https://hosting.photorobot.com/images/4748478675156992/-NIWRD0aQg9dBGAbHU6S/FINAL/Xnt9OWaKvHnHjQ1HP8wE8A,,,,,,,,320 mm,,,,,/en/catalogue/handles-and-knobs-fw0401/,,,,,,,/en/
,,,,Metal handle with screws for screwing to the front of the cabinet.,,,/en/furniture-fittings/,,,,,,,,,,,,,,,Polished,,,,,,,,,,,,,,,/en/catalogue/handles-knobs-profiles-and-hooks-fw04/,,,,,Zamac,25,,,,,,,/en/product/riextouch-xh02-handle-256-mm-polished-chrome-fwf001236/,,,,,,,,,,,,,,,,,Horizon Line,,,,,,,,,,,,,,,,,,,,,,,,,,,"RiexTouch XH02 Handle, 256 mm, polished chrome",,,,,,,,,,,,,,,,,,,,,,,,,,,,,4.39,/en/catalogue/standard-fw040101/,,,,,Riex,,Chrome,,,,,,,,,,,,,,,F001236,,,,,,,,,,,,,,,https://hosting.photorobot.com/images/4748478675156992/-NLuwfRLXpM1U2M8Ki8u/FINAL/6WK31-TVXUu2wd7-YNRMOA,,,,,,,,256 mm,,,,,/en/catalogue/handles-and-knobs-fw0401/,,,,,,,/en/
,,,,Metal handle with screws for screwing to the front of the cabinet.,,,/en/furniture-fittings/,,,,,,,,,,,,,,,Polished,,,,,,,,,,,,,,,/en/catalogue/handles-knobs-profiles-and-hooks-fw04/,,,,,Steel,20,,,,,,,,,,,,,,,,,,,,,,,,,,,,,,,,,,,,,,,,,,,,,,,,,,,"RiexTouch XH01 Handle, 96 mm, polished chrome",,,,,,,,,,,,,,,,,,,,,,,,,,,,,4.29,/en/catalogue/standard-fw040101/,,,,,Riex,,Chrome,/en/product/riextouch-xh01-handle-96-mm-polished-chrome-fwf001616/,,,,,,,,,,,,,,F001616,,,,,,,,,,,,,,,https://hosting.photorobot.com/images/4748478675156992/-N-MaeJGYH37dilY_PFg/FINAL/YasMgsqXy-j2zkIvEzRjQQ,,,,,,,,96 mm,,,,,/en/catalogue/handles-and-knobs-fw0401/,,,,,,,/en/
,,,,A connecting plate for flat joining of boards with holes for countersunk head screws.,,,/en/furniture-fittings/,,,,,,,,,,,,,,,,,,,,,,,,,,,,,,,/en/catalogue/connection-fittings-fw14/,,,,,50,,,,,,,,/en/catalogue/connecting-plates-angles-fw1409/,,,,,,,,,/en/product/riex-jc46-connection-plate-80x30-mm-t2-white-zinc-fwf004322/,,,,,,,,,,,,,,,,,,,,,,,,,,,,,,,,,,"Riex JC46 Connection plate, 80x30 mm, T2, white zinc",/en/catalogue/connecting-plates-fw140901/,,,,,,,,,,,,,,,,,,,,,,,,,,,,14.64,,,,,,Riex,,Zinc White,,,,,,,,,,,,,,,F004322,,,,,,,,,,,,,,,https://hosting.photorobot.com/images/4748478675156992/-Mti4KahHduWlrC0N84l/FINAL/OatNVQpE4cLt9yylRvMA0Q,,,,,,,,,,,,,,,,,,,,/en/
,,,,"Drawer assembly kit with double-wall side panels and soft closing slides. Set includes side panels, slides, front panel brackets and rear panel brackets. The drawer is quick and easy to assemble - only the cut-outs for the drawer base, back and front need to be made. The slides are equipped with a soft closing mechanism. The load capacity of the slides is 35kg, at this load the lifetime of the drawers is 60 thousand cycles. There are openings outside of the side panels for adjusting the position of the front panel vertically (up and down) and horizontally (left and right).",,,/en/furniture-fittings/,/en/product/riex-nx40-double-wall-slide-basic-drawer-86-450-mm-grey-fwf000446/,,,,,,,,,,,,,,,,,,,,,,,,,,,,,,,450 mm,,,,1,,35 kg,,,,,,,,,,,,,,,,,,,,,,,,,,,,,,,,,,,,,,,,,,,,,,,,,"Riex NX40 Double wall slide, basic drawer, 86/450 mm, grey",,,,,86 mm,,,,,Soft-close,,,,,/en/catalogue/standard-double-wall-drawers-fw0102/,,,,,,,,,/en/catalogue/drawers-fw010201/,,,,,1.22,,,,,,Riex,,Grey,,,,,,,,,,,,,,,F000446,,,,NX40,,,,,,,,,,,https://hosting.photorobot.com/images/4748478675156992/-NJ5YSKH_irpxZ0qeexj/FINAL/MjSrSxMJTglqeFVF4OXAEQ,,,,,,,,,,,,,,,,,,/en/catalogue/drawer-slides-fw01/,,/en/
,,,,Metal handle with screws for screwing to the front of the cabinet.,,,/en/furniture-fittings/,,,,,,,,,,,,,,,Matt,,,,,,,,,,,,,,,/en/catalogue/handles-knobs-profiles-and-hooks-fw04/,,,,,Zamac,50,,,,,,,,,,,,,,,,,,,,,,/en/product/citterio-giulio-xh59-handle-160-mm-matt-black-fwf003271/,,,,,,,,,,,,,,,,,,,,,,,,,,,,,"Citterio Giulio XH59 Handle, 160 mm, matt black",,,,,,,,,,,,,,,,,,,,,,,,,,,,,4.11,/en/catalogue/standard-fw040101/,,,,,Citterio Giulio,,Black,,,,,,,,,,,,,,,F003271,,,,,,,,,,,,,,,https://hosting.photorobot.com/images/4748478675156992/-Mlp885DhxJi7IbsRuy-/FINAL/UNAS8OhR1PGIsb8_H3lzaQ,,,,,,,,160 mm,,,,,/en/catalogue/handles-and-knobs-fw0401/,,,,,,,/en/
,,,,Metal handle with screws for screwing to the front of the cabinet.,,,/en/furniture-fittings/,,,,,,,,,,,,,,,Matt,,,,,,,,,,,,,,,/en/catalogue/handles-knobs-profiles-and-hooks-fw04/,,,,,Zamac,50,,,,,,,,,,,,,,,,,,,,,,,,,,,,,,,,,,,,,,,,/en/product/citterio-giulio-xh59-handle-160-mm-matt-gold-fwf003272/,,,,,,,,,,,"Citterio Giulio XH59 Handle, 160 mm, matt gold",,,,,,,,,,,,,,,,,,,,,,,,,,,,,4.11,/en/catalogue/standard-fw040101/,,,,,Citterio Giulio,,Gold,,,,,,,,,,,,,,,F003272,,,,,,,,,,,,,,,https://hosting.photorobot.com/images/4748478675156992/-MlniQELralj3cH5oQLb/FINAL/qV1xdDh2wHsE3OUMPPLhrQ,,,,,,,,160 mm,,,,,/en/catalogue/handles-and-knobs-fw0401/,,,,,,,/en/
,,,,Metal handle with screws for screwing to the front of the cabinet.,,,/en/furniture-fittings/,,,,,,,,,,,,,,,Matt,,,,,,,,,,,,,,,/en/catalogue/handles-knobs-profiles-and-hooks-fw04/,,,,,Zamac,35,,,,,,,,,,,,,,,,,,,,,,,,,,,,,,,,,,,,,,,,,,,,,,,,,,,"Citterio Giulio XH59 Handle, 320 mm, matt black",,,,,,,,,,,,,,,,,,,,,,,,,,,,,4.11,/en/catalogue/standard-fw040101/,,,,,Citterio Giulio,,Black,,,,,,,,,,,,,,,F003274,,,,,,,,,,,,,,,https://hosting.photorobot.com/images/4748478675156992/-N5-FJjGTNJX1_RUZryx/FINAL/wSzKBUecWymsicWpxDtvyA,,,,,/en/product/citterio-giulio-xh59-handle-320-mm-matt-black-fwf003274/,,,320 mm,,,,,/en/catalogue/handles-and-knobs-fw0401/,,,,,,,/en/
,,,,Metal handle with screws for screwing to the front of the cabinet.,,,/en/furniture-fittings/,,,,,,,,,,,,,,,Matt,,,,,,,,,,,,,,,/en/catalogue/handles-knobs-profiles-and-hooks-fw04/,,,,,"Zamac, Aluminium",50,,,,,,,,,,,,,,,,,,,,,,,,,,,,,,,,,,,,,,,,,,,,,,,,,,,"Citterio Giulio XH60 Handle, 160 mm, matt black",,,,,,,,,,,,,,,,,,,,,,,,,,,,/en/product/citterio-giulio-xh60-handle-160-mm-matt-black-fwf003280/,4.10,/en/catalogue/standard-fw040101/,,,,,Citterio Giulio,,Black,,,,,,,,,,,,,,,F003280,,,,,,,,,,,,,,,https://hosting.photorobot.com/images/4748478675156992/-Mlp7YDwWxp4gydiK30O/FINAL/irf4kisxYv87q_xPF5wCBQ,,,,,,,,160 mm,,,,,/en/catalogue/handles-and-knobs-fw0401/,,,,,,,/en/
,,,,Metal handle with screws for screwing to the front of the cabinet.,,,/en/furniture-fittings/,,,,,,,,,,,,,,,Matt,,,,,,,,,,,,,,,/en/catalogue/handles-knobs-profiles-and-hooks-fw04/,,,,,"Zamac, Aluminium",50,,,,,,,,,,,,,,,,,,,,,,,,,,,,,,,,,,,,,,,,,,,,,,,,,,,"Citterio Giulio XH60 Handle, 160 mm, matt gold",,,,,,,,,,,,,,,,,,,,,,,,,,,,,4.10,/en/catalogue/standard-fw040101/,,,,,Citterio Giulio,,Gold,,,,,,,,,,,,,,,F003281,,,,,,,,,,,,,,,https://hosting.photorobot.com/images/4748478675156992/-Mlp6TnGbUbOzLuKO6-d/FINAL/EjNQ-6QqPRybuohPkG9O9Q,/en/product/citterio-giulio-xh60-handle-160-mm-matt-gold-fwf003281/,,,,,,,160 mm,,,,,/en/catalogue/handles-and-knobs-fw0401/,,,,,,,/en/
,,,,Metal handle with screws for screwing to the front of the cabinet.,,,/en/furniture-fittings/,,,,,,,,,,,,,,,Matt,,,,,,,,,,,,,,,/en/catalogue/handles-knobs-profiles-and-hooks-fw04/,,,,,"Zamac, Aluminium",50,,,,,,/en/product/citterio-giulio-xh60-handle-320-mm-matt-black-fwf003283/,,,,,,,,,,,,,,,,,,,,,,,,,,,,,,,,,,,,,,,,,,,,,"Citterio Giulio XH60 Handle, 320 mm, matt black",,,,,,,,,,,,,,,,,,,,,,,,,,,,,4.10,/en/catalogue/standard-fw040101/,,,,,Citterio Giulio,,Black,,,,,,,,,,,,,,,F003283,,,,,,,,,,,,,,,https://hosting.photorobot.com/images/4748478675156992/-N42XG67caG0y7WtADMW/NORMAL/I23_K4cmTVcLs5tlf8oRVA,,,,,,,,320 mm,,,,,/en/catalogue/handles-and-knobs-fw0401/,,,,,,,/en/
,,,,Metal handle with screws for screwing to the front of the cabinet.,,,/en/furniture-fittings/,,,,,/en/product/citterio-giulio-xh60-handle-320-mm-matt-gold-fwf003284/,,,,,,,,,,Matt,,,,,,,,,,,,,,,/en/catalogue/handles-knobs-profiles-and-hooks-fw04/,,,,,"Zamac, Aluminium",50,,,,,,,,,,,,,,,,,,,,,,,,,,,,,,,,,,,,,,,,,,,,,,,,,,,"Citterio Giulio XH60 Handle, 320 mm, matt gold",,,,,,,,,,,,,,,,,,,,,,,,,,,,,4.10,/en/catalogue/standard-fw040101/,,,,,Citterio Giulio,,Gold,,,,,,,,,,,,,,,F003284,,,,,,,,,,,,,,,https://hosting.photorobot.com/images/4748478675156992/-MoI56YTVIlwPXgFndTw/FINAL/aZ3H7MigNueje_YxIKeQUg,,,,,,,,320 mm,,,,,/en/catalogue/handles-and-knobs-fw0401/,,,,,,,/en/
,,,,"Handle screw profile on the edge of the door, with screwing from the back side.",,,/en/furniture-fittings/,,,,,,,,,,,,,,,Matt,,,/en/catalogue/screw-fw040201/,,,,,,,,/en/catalogue/handle-profiles-fw0402/,,,,/en/catalogue/handles-knobs-profiles-and-hooks-fw04/,,,,,Aluminium,160,,,,,,,,,,,,,,,,,,,,,,,,,,,,,,,,,,,,,,,,,,,,,,,,,,,"RiexTouch XP01 Screw profile, 160 mm, anodised aluminium",,,,,,,,,,,,,,,,,,,,,,,,,,,,,4.78,,,,,,Riex,,Anodised Aluminium,,,,,,,,,,,,,/en/product/riextouch-xp01-screw-profile-160-mm-anodised-aluminium-fwf001432/,,F001432,,,,,,,,,,,,,,,https://hosting.photorobot.com/images/4748478675156992/-N4lMNAzQkfAbS3DRIZ_/FINAL/9PVTf0uSl1Y-YP-ht89HTQ,,,,,,,,160 mm,,,,,,,,,,,,/en/
,,,,"Handle screw profile on the edge of the door, with screwing from the back side.",,,/en/furniture-fittings/,,,,,,,,,,,,,,,Matt,,,/en/catalogue/screw-fw040201/,,,,,,,,/en/catalogue/handle-profiles-fw0402/,,,,/en/catalogue/handles-knobs-profiles-and-hooks-fw04/,,,,,Aluminium,160,,,,,,,,,,,,,,,,,,,,,,,,,,,,,,,,,,,,,,,,,,,,,,,,,,,"RiexTouch XP01 Screw profile, 320 mm, anodised aluminium",,,,,,,,,,,,,,,,,,,,,,,,,,,,,4.78,,,,,,Riex,,Anodised Aluminium,,,,,,,,,,,,,,,F001433,,,,,,,,,/en/product/riextouch-xp01-screw-profile-320-mm-anodised-aluminium-fwf001433/,,,,,,https://hosting.photorobot.com/images/4748478675156992/-NKx8JUmfXPoYQmLQJWJ/FINAL/RdlOlmZv97BjOANF9OkY8Q,,,,,,,,320 mm,,,,,,,,,,,,/en/
,,,,"Handle screw profile on the edge of the door, with screwing from the back side.",,,/en/furniture-fittings/,,,,,,,,,,,,,,,Matt,,,/en/catalogue/screw-fw040201/,,,,,,,,/en/catalogue/handle-profiles-fw0402/,,,,/en/catalogue/handles-knobs-profiles-and-hooks-fw04/,,,,,Aluminium,160,,,,,,,,,,,,,,,,,,,,,,,,,,,,,,,,,,,,,,,,,,,,,,,,,,,"RiexTouch XP01 Screw profile, 160 mm, matt black",,,,,,,,,,,,,,,,,,/en/product/riextouch-xp01-screw-profile-160-mm-matt-black-fwf001441/,,,,,,,,,,,4.78,,,,,,Riex,,Black,,,,,,,,,,,,,,,F001441,,,,,,,,,,,,,,,https://hosting.photorobot.com/images/4748478675156992/-NKx4cVgDqNCBgVNK3qf/FINAL/r0z5ikeRQrk62HAApnwAJg,,,,,,,,160 mm,,,,,,,,,,,,/en/
,,,,"Handle screw profile on the edge of the door, with screwing from the back side.",,,/en/furniture-fittings/,,,,,,,,,,,/en/product/riextouch-xp01-screw-profile-32-mm-matt-black-fwf001444/,,,,Matt,,,/en/catalogue/screw-fw040201/,,,,,,,,/en/catalogue/handle-profiles-fw0402/,,,,/en/catalogue/handles-knobs-profiles-and-hooks-fw04/,,,,,Aluminium,320,,,,,,,,,,,,,,,,,,,,,,,,,,,,,,,,,,,,,,,,,,,,,,,,,,,"RiexTouch XP01 Screw profile, 32 mm, matt black",,,,,,,,,,,,,,,,,,,,,,,,,,,,,4.78,,,,,,Riex,,Black,,,,,,,,,,,,,,,F001444,,,,,,,,,,,,,,,https://hosting.photorobot.com/images/4748478675156992/-NKxDwOwjG3vCPdmae0A/FINAL/1dAM5IM2O0-oHIGU7UuGfQ,,,,,,,,32 mm,,,,,,,,,,,,/en/
,,,,Handle drive-in profile into the groove in the door edge.,,,/en/furniture-fittings/,,,,,,,,,,,,,,,Brushed,,,,,,,,,,,/en/catalogue/handle-profiles-fw0402/,,,,/en/catalogue/handles-knobs-profiles-and-hooks-fw04/,,196 mm,,,Aluminium,35,,,,,,,,,,,,,,,,,,,,,,,,,,,,,,,,,,,,,,,,,,,,,,,,,,,"RiexTouch XP45 Drive-in profile, 196 mm, stainless steel imitation",,,,,,,,,,,,/en/catalogue/drive-in-standard-lengths-fw040202/,,,,,,,,,,,,,,,,,4.79,,,,,,Riex,,Stainless Steel Imitation,,,,,,,,,,,,,,,F001487,,,,,,,,,,,,,,,https://hosting.photorobot.com/images/4748478675156992/-Mkasu-UUsmNJlhIkH5D/FINAL/to1svKwMHl1gdCSnqmQtTQ,,/en/product/riextouch-xp45-drive-in-profile-196-mm-stainless-steel-imitation-fwf001487/,,,,,,,,,,,,,,,,,,/en/
,,,,Handle drive-in profile into the groove in the door edge.,,,/en/furniture-fittings/,,,,,,,,,,,,,,,Brushed,,,,,,,,,,,/en/catalogue/handle-profiles-fw0402/,,,,/en/catalogue/handles-knobs-profiles-and-hooks-fw04/,,396 mm,,,Aluminium,35,,,,,,,,,,,,,,,,,,,,,,,,,,,,,,,,,,/en/product/riextouch-xp45-drive-in-profile-396-mm-stainless-steel-imitation-fwf001489/,,,,,,,,,,,,,,,,,"RiexTouch XP45 Drive-in profile, 396 mm, stainless steel imitation",,,,,,,,,,,,/en/catalogue/drive-in-standard-lengths-fw040202/,,,,,,,,,,,,,,,,,4.79,,,,,,Riex,,Stainless Steel Imitation,,,,,,,,,,,,,,,F001489,,,,,,,,,,,,,,,https://hosting.photorobot.com/images/4748478675156992/-Ng3gjJX5NJTLnh9xZg2/FINAL/x-Cqm6UEn_GMS3KhWlEzFg,,,,,,,,,,,,,,,,,,,,/en/
,,,,Metal handle with screws for screwing to the front of the cabinet.,,,/en/furniture-fittings/,,,,,,,,,,,,,,,Brushed,,,,,,,,,,,,,,,/en/catalogue/handles-knobs-profiles-and-hooks-fw04/,,,,,Steel,20,,,,,,,,,,,,,,,,,,,,,,,,,,,,,,,,,,,,,,,,,,,,,,,,,,,"RiexTouch XH01 Handle, 96 mm, brushed nickel",,,,,,,,,,,,,,,,,,,,,,,,,,,,,4.29,/en/catalogue/standard-fw040101/,,,,,Riex,,Nickel,,,,,,,/en/product/riextouch-xh01-handle-96-mm-brushed-nickel-fwf001584/,,,,,,,,F001584,,,,,,,,,,,,,,,https://hosting.photorobot.com/images/4748478675156992/-Mi1EvN6f0Tcx9l1czp2/FINAL/F9ersPWB6q1fjQNZ8CGcEg,,,,,,,,96 mm,,,,,/en/catalogue/handles-and-knobs-fw0401/,,,,,,,/en/
,,,,Metal handle with screws for screwing to the front of the cabinet.,,,/en/furniture-fittings/,,,,,,,,,,,,,,,Brushed,,,,,,,,,,,,,,,/en/catalogue/handles-knobs-profiles-and-hooks-fw04/,,,,,Steel,10,,,,,,,,,,,,,,,,,,,,,,,,,,,,,,,,,,,,,,,,,,,,,,,,,,,"RiexTouch XH01 Handle, 256 mm, brushed nickel",,,,,,,,,,,,,,,,,,,,,,,,,,,,,4.29,/en/catalogue/standard-fw040101/,,,,,Riex,,Nickel,,,,/en/product/riextouch-xh01-handle-256-mm-brushed-nickel-fwf001589/,,,,,,,,,,,F001589,,,,,,,,,,,,,,,https://hosting.photorobot.com/images/4748478675156992/-NJiij4ck4En91jpZmoQ/FINAL/u0mbH-JJaeITep-i7U5BOw,,,,,,,,256 mm,,,,,/en/catalogue/handles-and-knobs-fw0401/,,,,,,,/en/
,,,,Metal handle with screws for screwing to the front of the cabinet.,,,/en/furniture-fittings/,,,,,,,,,,,,,,,Brushed,,,,,,,,,,,,,,,/en/catalogue/handles-knobs-profiles-and-hooks-fw04/,,,,,Steel,10,,,,,,,,,,,,,,,,,,,,,,,,,,,,,,,,,,,,,,,,,,,,,,,,,,,"RiexTouch XH01 Handle, 320 mm, brushed nickel",,,,,,,,,,,,,,,,/en/product/riextouch-xh01-handle-320-mm-brushed-nickel-fwf001591/,,,,,,,,,,,,,4.29,/en/catalogue/standard-fw040101/,,,,,Riex,,Nickel,,,,,,,,,,,,,,,F001591,,,,,,,,,,,,,,,https://hosting.photorobot.com/images/4748478675156992/-NFwjgJG0A87ZZJCi-62/FINAL/jhB45_8rMMnvyFBDYkxLhA,,,,,,,,320 mm,,,,,/en/catalogue/handles-and-knobs-fw0401/,,,,,,,/en/
,,,,Metal handle with screws for screwing to the front of the cabinet.,,,/en/furniture-fittings/,,,,,,,,,,,,,,,Matt,,,,,,,,,,,,,,,/en/catalogue/handles-knobs-profiles-and-hooks-fw04/,,,,,Steel,20,,,,,,,,,,,/en/product/riextouch-xh01-handle-224-mm-matt-nickel-fwf001604/,,,,,,,,,,,,,,,,,,,,,,,,,,,,,,,,,,,,,,,,"RiexTouch XH01 Handle, 224 mm, matt nickel",,,,,,,,,,,,,,,,,,,,,,,,,,,,,4.29,/en/catalogue/standard-fw040101/,,,,,Riex,,Nickel,,,,,,,,,,,,,,,F001604,,,,,,,,,,,,,,,https://hosting.photorobot.com/images/4748478675156992/-NJiXK_kAv2wQwP-bNcu/FINAL/LNEnyqWNLMpotwlC6swIEw,,,,,,,,224 mm,,,,,/en/catalogue/handles-and-knobs-fw0401/,,,,,,,/en/
,,,,Metal knob with screw for screwing to the front of the cabinet.,,,/en/furniture-fittings/,,,,,,,,,,,,/en/product/riextouch-xk05-knob-matt-gold-fwf002273/,,,Matt,,,,,,,,,,,,,,,/en/catalogue/handles-knobs-profiles-and-hooks-fw04/,,,,,Aluminium,50,,,,,,,,,,,,,,,,,,,,,,,,,,,,,,,,,,,,,,/en/catalogue/knobs-fw040103/,,,,,,,,,,,,,"RiexTouch XK05 Knob, matt gold",,,,,,,,,,,,,,,,,,,,,,,,,,,,,4.54,,,,,,Riex,,Gold,,,,,,,,,,,,,,,F002273,,,,,,,,,,,,,,,https://hosting.photorobot.com/images/4748478675156992/-Nl8HdjMQEvLC1W52nFl/FINAL/40uZMOdMqKaXqQEjiMuz8A,,,,,,,,,,,,,/en/catalogue/handles-and-knobs-fw0401/,,,,,,,/en/
,,,,Plastic knob with screw for screwing to the front of the cabinet.,,,/en/furniture-fittings/,,,,,,,,,,,,,,,Matt,,,,,,,,,,,,,,,/en/catalogue/handles-knobs-profiles-and-hooks-fw04/,,,,,"Zamac, Rubber",40,,,,,,,,,,,,,,,,,,,,,,,,,,,,,,,,,,,,,,/en/catalogue/knobs-fw040103/,,,,,,,,,,,,,"Citterio Giulio XD04 Knob, blue",,,,,,,,,,,,,,,,,,,,,,,,,/en/product/citterio-giulio-xd04-knob-blue-fwf003204/,,,,4.68,,,,,,Citterio Giulio,,Blue,,,,,,,,,,,,,,,F003204,,,,,,,,,,,,,,,https://hosting.photorobot.com/images/4748478675156992/-MlsHFh4nhahmPYfn0Mv/FINAL/U3RZR8R9s8QxsW7VeQToJQ,,,,,,,,,,,,,/en/catalogue/handles-and-knobs-fw0401/,,,,,,,/en/
,,,,Plastic knob with screw for screwing to the front of the cabinet.,,,/en/furniture-fittings/,,,,,,,,,,,,,,,Matt,,,,,,,,,,,,,,,/en/catalogue/handles-knobs-profiles-and-hooks-fw04/,,,,,"Zamac, Rubber",40,,,,,,,,,,,,/en/product/citterio-giulio-xd04-knob-pink-fwf003205/,,,,,,,,,,,,,,,,,,,,,,,,,,/en/catalogue/knobs-fw040103/,,,,,,,,,,,,,"Citterio Giulio XD04 Knob, pink",,,,,,,,,,,,,,,,,,,,,,,,,,,,,4.68,,,,,,Citterio Giulio,,Pink,,,,,,,,,,,,,,,F003205,,,,,,,,,,,,,,,https://hosting.photorobot.com/images/4748478675156992/-N2Gn1-Gr8Bl5QfxLyht/FINAL/BM2UymTBMP4u9umxky9Rdg,,,,,,,,,,,,,/en/catalogue/handles-and-knobs-fw0401/,,,,,,,/en/
,,,,Metal knob with screw for screwing to the front of the cabinet.,,,/en/furniture-fittings/,,,,,,,,,,,,,,,Matt,,,,,,,,,,,,,,,/en/catalogue/handles-knobs-profiles-and-hooks-fw04/,,,,,Zamac,100,,,,,,,,,,,,,,,,,,,,,,,,,,,,,,,,,,,,,,/en/catalogue/knobs-fw040103/,,,,,,,,,,,,,"RiexTouch XK10 Knob, matt chrome",,,,,,,,,,,,,,,,,,,,,,,,,,,,,4.61,,,,,,Riex,,Chrome,,,,,,,,,,,,,,,F002137,,,,,,,,,,,,,,,https://hosting.photorobot.com/images/4748478675156992/-NrKMGc5me3oL-yBfUU6/FINAL/1XdgmTuCNScTsNfX6Tavyg,,,,,,/en/product/riextouch-xk10-knob-matt-chrome-fwf002137/,,,,,,,/en/catalogue/handles-and-knobs-fw0401/,,,,,,,/en/
,,,,Metal knob with screw for screwing to the front of the cabinet.,,,/en/furniture-fittings/,,/en/product/riextouch-xk10-knob-polished-chrome-fwf002138/,,,,,,,,,,,,,Polished,,,,,,,,,,,,,,,/en/catalogue/handles-knobs-profiles-and-hooks-fw04/,,,,,Zamac,100,,,,,,,,,,,,,,,,,,,,,,,,,,,,,,,,,,,,,,/en/catalogue/knobs-fw040103/,,,,,,,,,,,,,"RiexTouch XK10 Knob, polished chrome",,,,,,,,,,,,,,,,,,,,,,,,,,,,,4.61,,,,,,Riex,,Chrome,,,,,,,,,,,,,,,F002138,,,,,,,,,,,,,,,https://hosting.photorobot.com/images/4748478675156992/-N1IkE6yduB_OLaCYcpV/FINAL/sVMlWm2A6bvppZLqfWJcqw,,,,,,,,,,,,,/en/catalogue/handles-and-knobs-fw0401/,,,,,,,/en/
,,,,Metal knob with screw for screwing to the front of the cabinet.,,,/en/furniture-fittings/,,,,,,,,,,,,,,,Polished,,,,,,,,,,,,,,,/en/catalogue/handles-knobs-profiles-and-hooks-fw04/,,,,,Zinc,50,,,,,,,,,,,,,,,,,,,,,,,,,,,,,,,,,,,,,,/en/catalogue/knobs-fw040103/,,,,,,,,,,,,,"RiexTouch XK12 Knob, polished chrome",,,,/en/product/riextouch-xk12-knob-polished-chrome-fwf002250/,,,,,,,,,,,,,,,,,,,,,,,,,4.55,,,,,,Riex,,Chrome,,,,,,,,,,,,,,,F002250,,,,,,,,,,,,,,,https://hosting.photorobot.com/images/4748478675156992/-MrXOLA29PArweNgkUtQ/FINAL/5sEDy7R89CNEpKICEn-Kfg,,,,,,,,,,,,,/en/catalogue/handles-and-knobs-fw0401/,,,,,,,/en/
,,,,Metal handle with screws for screwing to the front of the cabinet.,,,/en/furniture-fittings/,,,,,,,,,,,,,,,Polished,,,,,,,,,,,,/en/product/riextouch-xh05-handle-128-mm-polished-chrome-fwf002803/,,,/en/catalogue/handles-knobs-profiles-and-hooks-fw04/,,,,,Steel,25,,,,,,,,,,,,,,,,,,,,,,,,,,,,,,,,,,,,,,,,,,,,,,,,,,,"RiexTouch XH05 Handle, 128 mm, polished chrome",,,,,,,,,,,,,,,,,,,,,,,,,,,,,4.31,/en/catalogue/standard-fw040101/,,,,,Riex,,Chrome,,,,,,,,,,,,,,,F002803,,,,,,,,,,,,,,,https://hosting.photorobot.com/images/4748478675156992/-MkHlhthBKrNOBVM8M6C/FINAL/ST6Hc6TmXvalUVFMAs9Luw,,,,,,,,128 mm,,,,,/en/catalogue/handles-and-knobs-fw0401/,,,,,,,/en/
,,,,Metal handle with screws for screwing to the front of the cabinet.,,,/en/furniture-fittings/,,,,,,,,,,,,,,,Brushed,,,,,,,,,,,,,,,/en/catalogue/handles-knobs-profiles-and-hooks-fw04/,,,,,Steel,25,,,,,,,,,,,,,,,,,,,,,,,,,,,,,,,,,,,,,,,,,,,,,,,,,,,"RiexTouch XH05 Handle, 160 mm, brushed nickel",,,,,,,,,,,,,,,,,,,,,,,,,,,,,4.31,/en/catalogue/standard-fw040101/,,,,,Riex,,Nickel,,,,,,,,,,,,,,,F002810,,,,,,/en/product/riextouch-xh05-handle-160-mm-brushed-nickel-fwf002810/,,,,,,,,,https://hosting.photorobot.com/images/4748478675156992/-N6MBy-iIhalGZXt-kbS/FINAL/z0pt-5TChx_WPgr01Te_WA,,,,,,,,160 mm,,,,,/en/catalogue/handles-and-knobs-fw0401/,,,,,,,/en/
,,,,Metal handle with screws for screwing to the front of the cabinet.,,,/en/furniture-fittings/,,,,,,,,,,,,,,,Polished,,,,,,,,,,,,,,,/en/catalogue/handles-knobs-profiles-and-hooks-fw04/,,,,,Steel,25,,,,,,,,,,,,,,,,,,,,,,,,,,,,,,,,,,,,,,,,,,,,,,,,,,,"RiexTouch XH05 Handle, 128 mm, polished gold",,,,,,,,,,,,,,,,,,,,,,,,,,/en/product/riextouch-xh05-handle-128-mm-polished-gold-fwf002815/,,,4.31,/en/catalogue/standard-fw040101/,,,,,Riex,,Gold,,,,,,,,,,,,,,,F002815,,,,,,,,,,,,,,,https://hosting.photorobot.com/images/4748478675156992/-MdQTh_bpgvG29bh9r50/FINAL/lGtVfabruGCViYzpTkibmQ,,,,,,,,128 mm,,,,,/en/catalogue/handles-and-knobs-fw0401/,,,,,,,/en/
,,,,Metal handle with screws for screwing to the front of the cabinet.,,,/en/furniture-fittings/,,,,,,,,,,,,,,,Polished,,,,,,,,,,,,,,,/en/catalogue/handles-knobs-profiles-and-hooks-fw04/,,,,,Steel,25,,,,,,,,,,,,,,,,,,,,,,,,,,,,,,,,,,,,,,,,,,,,,,,,,,,"RiexTouch XH05 Handle, 160 mm, polished gold",,,,,,,,,,,,,,,,,,,,,,,,,,,,,4.31,/en/catalogue/standard-fw040101/,,,,,Riex,,Gold,,,,,,,,,,,,,,,F002816,,,,,,,,,,,,,,,https://hosting.photorobot.com/images/4748478675156992/-N41StpTfQaIUdEnoquK/FINAL/U_Y47_UHbhAmK4Bn5bvExQ,,,,,,,,160 mm,,,,,/en/catalogue/handles-and-knobs-fw0401/,,,,,,/en/product/riextouch-xh05-handle-160-mm-polished-gold-fwf002816/,/en/
,,,,Metal handle with screws for screwing to the front of the cabinet.,,,/en/furniture-fittings/,,,,,,,,,,,,,,,Matt,,,,,,,,,,,,,,,/en/catalogue/handles-knobs-profiles-and-hooks-fw04/,,,,,Zamac,30,,,,,,,,,,,,,,,,,,,,,,,,,,,,,,,,,,,,,,,,,,,,,,,,,,,"RiexTouch XH34 Handle, 128 mm, matt chrome",,,,,,,,,,,,,/en/product/riextouch-xh34-handle-128-mm-matt-chrome-fwf002124/,,,,,,,,,,,,,,,,4.60,/en/catalogue/standard-fw040101/,,,,,Riex,,Chrome,,,,,,,,,,,,,,,F002124,,,,,,,,,,,,,,,https://hosting.photorobot.com/images/4748478675156992/-MkHFpYwe2gEdSCDOHCm/FINAL/25_SKesYw0K-eHc_pIaa5g,,,,,,,,128 mm,,,,,/en/catalogue/handles-and-knobs-fw0401/,,,,,,,/en/
,,,,Metal handle with screws for screwing to the front of the cabinet.,,,/en/furniture-fittings/,,,,,,,,,,,,,,,Polished,,,,,,,,,,,,,,,/en/catalogue/handles-knobs-profiles-and-hooks-fw04/,,,,,Zamac,30,,,,,/en/product/riextouch-xh34-handle-128-mm-polished-chrome-fwf002126/,,,,,,,,,,,,,,,,,,,,,,,,,,,,,,,,,,,,,,,,,,,,,,"RiexTouch XH34 Handle, 128 mm, polished chrome",,,,,,,,,,,,,,,,,,,,,,,,,,,,,4.60,/en/catalogue/standard-fw040101/,,,,,Riex,,Chrome,,,,,,,,,,,,,,,F002126,,,,,,,,,,,,,,,https://hosting.photorobot.com/images/4748478675156992/-NkUstAi9piBiijl35jf/FINAL/3I6gZGbcqeQPxbKX_-aBeQ,,,,,,,,128 mm,,,,,/en/catalogue/handles-and-knobs-fw0401/,,,,,,,/en/
,,,,Metal handle with screws for screwing to the front of the cabinet.,,,/en/furniture-fittings/,,,,,,,,,,,,,,,Matt,,,,,,,,,,,,,,,/en/catalogue/handles-knobs-profiles-and-hooks-fw04/,,,,,Zamac,25,,,,,,,,,,,,,,,,,,,,,,,,Erebos Line,,,,,,,,,,,,,,,,,,,,,,,,/en/product/riextouch-xh11-handle-128-mm-matt-black-fwf002183/,,,"RiexTouch XH11 Handle, 128 mm, matt black",,,,,,,,,,,,,,,,,,,,,,,,,,,,,4.44,/en/catalogue/standard-fw040101/,,,,,Riex,,Black,,,,,,,,,,,,,,,F002183,,,,,,,,,,,,,,,https://hosting.photorobot.com/images/4748478675156992/-NlcM06ImdxREBFQVmA_/FINAL/aZ4dkzjURD8Q3PgnZBF_2Q,,,,,,,,128 mm,,,,,/en/catalogue/handles-and-knobs-fw0401/,,,,,,,/en/
,,,,Metal handle with screws for screwing to the front of the cabinet.,,,/en/furniture-fittings/,,,,,,,,,,,,,,,Matt,,,,,,,,,,,,,,,/en/catalogue/handles-knobs-profiles-and-hooks-fw04/,,,,,Zamac,25,,,,,,,,,,,,,,,,,,,,,,,,Erebos Line,,,,,,,,,,,,,,,,,,,,,,,,,,,"RiexTouch XH11 Handle, 160 mm, matt black",,,,,,,,,,,,,,,,,,,,,,,,,,,,,4.44,/en/catalogue/standard-fw040101/,,,,,Riex,,Black,,,,,/en/product/riextouch-xh11-handle-160-mm-matt-black-fwf002184/,,,,,,,,,,F002184,,,,,,,,,,,,,,,https://hosting.photorobot.com/images/4748478675156992/-Nlc8sxx73FXP2Q-gp3o/FINAL/cuIysgl9rckY92SxyDF8LQ,,,,,,,,160 mm,,,,,/en/catalogue/handles-and-knobs-fw0401/,,,,,,,/en/
,,,,Metal handle with screws for screwing to the front of the cabinet.,,,/en/furniture-fittings/,,,,,,,,,,,,,,,Polished,,,,,,,,,,,,,,,/en/catalogue/handles-knobs-profiles-and-hooks-fw04/,,,/en/product/riextouch-xh08-handle-128-mm-polished-chrome-fwf002225/,,Zinc,25,,,,,,,,,,,,,,,,,,,,,,,,,,,,,,,,,,,,,,,,,,,,,,,,,,,"RiexTouch XH08 Handle, 128 mm, polished chrome",,,,,,,,,,,,,,,,,,,,,,,,,,,,,4.34,/en/catalogue/standard-fw040101/,,,,,Riex,,Chrome,,,,,,,,,,,,,,,F002225,,,,,,,,,,,,,,,https://hosting.photorobot.com/images/4748478675156992/-MraswdgUJhAjERRarKf/FINAL/qZHMni_GL6QWX25IREldZg,,,,,,,,128 mm,,,,,/en/catalogue/handles-and-knobs-fw0401/,,,,,,,/en/
,,,,Metal handle with screws for screwing to the front of the cabinet.,,,/en/furniture-fittings/,,,,,,,,,,,,,,,Matt,,,,,,,,,,,,,,,/en/catalogue/handles-knobs-profiles-and-hooks-fw04/,,,,,Zinc,25,,,,,,,,,,,,,,,,,,,,,,,,,,,,,,,,,,,,,,,,,,,,,,,,,,,"RiexTouch XH08 Handle, 128 mm, matt chrome",,,,,,,,,,,,,,,,,,,,,,,,,,,,,4.34,/en/catalogue/standard-fw040101/,,/en/product/riextouch-xh08-handle-128-mm-matt-chrome-fwf002227/,,,Riex,,Chrome,,,,,,,,,,,,,,,F002227,,,,,,,,,,,,,,,https://hosting.photorobot.com/images/4748478675156992/-MrbGoQKq2qk1Tu637Lz/FINAL/KqkqmHmhF2ec-uDv7J6ffg,,,,,,,,128 mm,,,,,/en/catalogue/handles-and-knobs-fw0401/,,,,,,,/en/
,,,,Metal handle with screws for screwing to the front of the cabinet.,,,/en/furniture-fittings/,,,,,,,,,,,,,,,Matt,,,,,,,,,,,,,,,/en/catalogue/handles-knobs-profiles-and-hooks-fw04/,,,,,Zinc,25,,,,,,,,,,,,,,,,,,,,,,,,,,,,,,,,,,,,,,,,,,,,,,,,,,,"RiexTouch XH08 Handle, 128 mm, matt nickel",,,,,,,,,,,,,,,,,,,/en/product/riextouch-xh08-handle-128-mm-matt-nickel-fwf002229/,,,,,,,,,,4.34,/en/catalogue/standard-fw040101/,,,,,Riex,,Nickel,,,,,,,,,,,,,,,F002229,,,,,,,,,,,,,,,https://hosting.photorobot.com/images/4748478675156992/-MwfF09WSUvf5ZzL-Brj/FINAL/dLz-40yAvC8bwgLDGMsvyA,,,,,,,,128 mm,,,,,/en/catalogue/handles-and-knobs-fw0401/,,,,,,,/en/
,,,,Metal handle with screws for screwing to the front of the cabinet.,,,/en/furniture-fittings/,,,,,,,,,,,,,,,Polished,,,,,,,,,,,,,,,/en/catalogue/handles-knobs-profiles-and-hooks-fw04/,,,,,Zinc,,,,,,,,,,,,,,,,,,,,,,,,,,,,,,,,,,,,,,,,,,,,,,,,,,,,"RiexTouch XH08 Handle, 96 mm, polished gold",,,,,,,,,,,,,,,,,,,,,,,,,,,,,4.34,/en/catalogue/standard-fw040101/,,,,,Riex,/en/product/riextouch-xh08-handle-96-mm-polished-gold-fwf002230/,Gold,,,,,,,,,,,,,,,F002230,,,,,,,,,,,,,,,https://hosting.photorobot.com/images/4748478675156992/-NIWT1xjzjnY29G7Exac/FINAL/bxwL0FdrD2Ul_66iuuEb_w,,,,,,,,96 mm,,,,,/en/catalogue/handles-and-knobs-fw0401/,,,,,,,/en/
,,,,Metal handle with screws for screwing to the front of the cabinet.,,,/en/furniture-fittings/,,,,,,,,,,,,,,,Brushed,,,,,,,,,,,,,,,/en/catalogue/handles-knobs-profiles-and-hooks-fw04/,,,,,Zinc,25,,,,,,,,,,,,,,,,,,,,,,,,Stylucia Line,,,,,,,,,,,,,,,,,,,,,,,,,,,"RiexTouch XH08 Handle, 128 mm, brushed nickel",,,,,,,,,,,,,,,,,,,,,,,,,,,,,4.34,/en/catalogue/standard-fw040101/,,,,,Riex,,Nickel,,,,,,,,,,,,,,,F002233,,,,,,,,,,,,,,,https://hosting.photorobot.com/images/4748478675156992/-NnJ5x4qhYI8Ov16-m3m/FINAL/43wFAxzHUqn2I9LefepNVw,,,,,,,,128 mm,,/en/product/riextouch-xh08-handle-128-mm-brushed-nickel-fwf002233/,,,/en/catalogue/handles-and-knobs-fw0401/,,,,,,,/en/
,,,,Metal handle with screws for screwing to the front of the cabinet.,,,/en/furniture-fittings/,,,,,,,,,,,,,,,Brushed,,,,,,,,,,,,,,,/en/catalogue/handles-knobs-profiles-and-hooks-fw04/,,,,,Stainless Steel,,,,,,,,,,,,,,,,,,,,,,,,,Stylucia Line,,,,,,,,,,,,,,,,,,,,/en/product/riextouch-xh14-handle-128-mm-stainless-steel-fwf002261/,,,,,,,"RiexTouch XH14 Handle, 128 mm, stainless steel",,,,,,,,,,,,,,,,,,,,,,,,,,,,,4.29,/en/catalogue/standard-fw040101/,,,,,Riex,,Stainless Steel,,,,,,,,,,,,,,,F002261,,,,,,,,,,,,,,,https://hosting.photorobot.com/images/4748478675156992/-N41DTMTLz2dL1WhHIp6/FINAL/cpg2BGZ9kvse3e_cEwxgmw,,,,,,,,128 mm,,,,,/en/catalogue/handles-and-knobs-fw0401/,,,,,,,/en/
,,,,Metal handle with screws for screwing to the front of the cabinet.,,,/en/furniture-fittings/,,,,,,,,,,,,,/en/product/riextouch-xh14-handle-160-mm-stainless-steel-fwf002262/,,Brushed,,,,,,,,,,,,,,,/en/catalogue/handles-knobs-profiles-and-hooks-fw04/,,,,,Stainless Steel,,,,,,,,,,,,,,,,,,,,,,,,,Stylucia Line,,,,,,,,,,,,,,,,,,,,,,,,,,,"RiexTouch XH14 Handle, 160 mm, stainless steel",,,,,,,,,,,,,,,,,,,,,,,,,,,,,4.29,/en/catalogue/standard-fw040101/,,,,,Riex,,Stainless Steel,,,,,,,,,,,,,,,F002262,,,,,,,,,,,,,,,https://hosting.photorobot.com/images/4748478675156992/-NU0SPlTz2B3fF-CYE_P/FINAL/uxPRxSWbfD2mPyMJXy8dlQ,,,,,,,,160 mm,,,,,/en/catalogue/handles-and-knobs-fw0401/,,,,,,,/en/
,,,,Metal handle with screws for screwing to the front of the cabinet.,,,/en/furniture-fittings/,,,,,,,,,,,,,,,Brushed,,,,,,,,,,,,,/en/product/riextouch-xh14-handle-192-mm-stainless-steel-fwf002263/,,/en/catalogue/handles-knobs-profiles-and-hooks-fw04/,,,,,Stainless Steel,,,,,,,,,,,,,,,,,,,,,,,,,Stylucia Line,,,,,,,,,,,,,,,,,,,,,,,,,,,"RiexTouch XH14 Handle, 192 mm, stainless steel",,,,,,,,,,,,,,,,,,,,,,,,,,,,,4.29,/en/catalogue/standard-fw040101/,,,,,Riex,,Stainless Steel,,,,,,,,,,,,,,,F002263,,,,,,,,,,,,,,,https://hosting.photorobot.com/images/4748478675156992/-NVYgExuLsk4lJbPgb4R/FINAL/Wl1peINiVuVvNmQZPn0RGw,,,,,,,,192 mm,,,,,/en/catalogue/handles-and-knobs-fw0401/,,,,,,,/en/
,/en/catalogue/concealed-slides-fw0103/,,,"Concealed drawer slide with mounting under the drawer bottom for all-wood drawers with soft closing function. The drawer is equipped with a synchronisation mechanism for smooth operation of the individual slide segments. The total load capacity including the weight of the drawer is 40 kg, at this load the drawer has a very good durability for many years. The length of the extension is the same as the length of the drawer (it is a full extension). The slides are connected to the drawer with brackets that allow the drawer front to be adjusted vertically (up and down), horizontally (left and right) and also gap between the front and cabinet can be adjusted. Thickness of side panels of drawer can be up to 19mm.",,,/en/furniture-fittings/,,,,,,,,,,/en/product/riex-nu80-19mm-concealed-slide-full-extension-soft-close-synchro-40-kg-300-mm-3d-brackets-fwf000162/,,,,,,,,,,,,,,,,,,,,,,300 mm,,,,10,,40 kg,,,,,,,,,,,,,,,,/en/catalogue/full-extension-fw010302/,,,,,,,,,,,,,,,,,,,,,,,,,,,,,,,,,"Riex NU80 (19mm) Concealed slide, full extension, soft-close, synchro, 40 kg, 300 mm, 3D brackets",,,,,,,,,,Soft-close,,,,,,,,,,,,,,,,,,,1.38,,,,,,Riex,,,,,Yes,,,,,19 mm,,,,,,,F000162,,,,,,,,,,,,,,,https://hosting.photorobot.com/images/4748478675156992/-N2LSyH46ADddS9aUmBF/FINAL/Bus6l8dovGiK8mYIIxs7Cg,,,,,,,,,,,,,,3D,,,,/en/catalogue/drawer-slides-fw01/,,/en/
,/en/catalogue/concealed-slides-fw0103/,,,"Concealed drawer slide with mounting under the drawer bottom for all-wood drawers with soft closing function. The drawer is equipped with a synchronisation mechanism for smooth operation of the individual slide segments. The total load capacity including the weight of the drawer is 40 kg, at this load the drawer has a very good durability for many years. The length of the extension is the same as the length of the drawer (it is a full extension). The slides are connected to the drawer with brackets that allow the drawer front to be adjusted vertically (up and down), horizontally (left and right) and also gap between the front and cabinet can be adjusted. Thickness of side panels of drawer can be up to 19mm.",,,/en/furniture-fittings/,,,,,,,,,,,,,,/en/product/riex-nu80-19mm-concealed-slide-full-extension-soft-close-synchro-40-kg-400-mm-3d-brackets-fwf000164/,,,,,,,,,,,,,,,,,,400 mm,,,,10,,40 kg,,,,,,,,,,,,,,,,/en/catalogue/full-extension-fw010302/,,,,,,,,,,,,,,,,,,,,,,,,,,,,,,,,,"Riex NU80 (19mm) Concealed slide, full extension, soft-close, synchro, 40 kg, 400 mm, 3D brackets",,,,,,,,,,Soft-close,,,,,,,,,,,,,,,,,,,1.38,,,,,,Riex,,,,,Yes,,,,,19 mm,,,,,,,F000164,,,,,,,,,,,,,,,https://hosting.photorobot.com/images/4748478675156992/-N1mO1QBft4y744FSZqY/FINAL/kxsxwYAJigv68MGx-NcCUA,,,,,,,,,,,,,,3D,,,,/en/catalogue/drawer-slides-fw01/,,/en/
,/en/catalogue/concealed-slides-fw0103/,,,"Concealed drawer slide with mounting under the drawer bottom for all-wood drawers with soft closing function. The drawer is equipped with a synchronisation mechanism for smooth operation of the individual slide segments. The total load capacity including the weight of the drawer is 40 kg, at this load the drawer has a very good durability for many years. The length of the extension is the same as the length of the drawer (it is a full extension). The slides are connected to the drawer with brackets that allow the drawer front to be adjusted vertically (up and down), horizontally (left and right) and also gap between the front and cabinet can be adjusted. Thickness of side panels of drawer can be up to 19mm.",,,/en/furniture-fittings/,,,,,,,,,,,,,,,,,,,,,,,,,,,,,,,,450 mm,,,,10,,40 kg,,,,,,,,,,,,,,,,/en/catalogue/full-extension-fw010302/,,,,,,,,,,,/en/product/riex-nu80-19mm-concealed-slide-full-extension-soft-close-synchro-40-kg-450-mm-3d-brackets-fwf000165/,,,,,,,,,,,,,,,,,,,,,,"Riex NU80 (19mm) Concealed slide, full extension, soft-close, synchro, 40 kg, 450 mm, 3D brackets",,,,,,,,,,Soft-close,,,,,,,,,,,,,,,,,,,1.38,,,,,,Riex,,,,,Yes,,,,,19 mm,,,,,,,F000165,,,,,,,,,,,,,,,https://hosting.photorobot.com/images/4748478675156992/-N1m-WYJboyZHnka5r_J/FINAL/Cz9_bbgI-youzaibLw8rEA,,,,,,,,,,,,,,3D,,,,/en/catalogue/drawer-slides-fw01/,,/en/
,/en/catalogue/concealed-slides-fw0103/,,/en/product/riex-nu80-19mm-concealed-slide-full-extension-soft-close-synchro-40-kg-500-mm-3d-brackets-fwf000166/,"Concealed drawer slide with mounting under the drawer bottom for all-wood drawers with soft closing function. The drawer is equipped with a synchronisation mechanism for smooth operation of the individual slide segments. The total load capacity including the weight of the drawer is 40 kg, at this load the drawer has a very good durability for many years. The length of the extension is the same as the length of the drawer (it is a full extension). The slides are connected to the drawer with brackets that allow the drawer front to be adjusted vertically (up and down), horizontally (left and right) and also gap between the front and cabinet can be adjusted. Thickness of side panels of drawer can be up to 19mm.",,,/en/furniture-fittings/,,,,,,,,,,,,,,,,,,,,,,,,,,,,,,,,500 mm,,,,10,,40 kg,,,,,,,,,,,,,,,,/en/catalogue/full-extension-fw010302/,,,,,,,,,,,,,,,,,,,,,,,,,,,,,,,,,"Riex NU80 (19mm) Concealed slide, full extension, soft-close, synchro, 40 kg, 500 mm, 3D brackets",,,,,,,,,,Soft-close,,,,,,,,,,,,,,,,,,,1.38,,,,,,Riex,,,,,Yes,,,,,19 mm,,,,,,,F000166,,,,,,,,,,,,,,,https://hosting.photorobot.com/images/4748478675156992/-N1mo2dngXEFCwgcZDBR/FINAL/CYVQbIYOy7cqAUbqtaPvkQ,,,,,,,,,,,,,,3D,,,,/en/catalogue/drawer-slides-fw01/,,/en/
,/en/catalogue/concealed-slides-fw0103/,,,"Concealed drawer slide with mounting under the drawer bottom for all-wood drawers with handleless opening function. The drawer is equipped with a synchronisation mechanism for smooth operation of the individual slide segments. The total load capacity including the weight of the drawer is 35 kg, at this load the drawer has a very good durability for many years. The length of the extension is the same as the length of the drawer (it is a full extension). The opening force of the drawer can be controlled by a sliding lever. The slides are connected to the drawer with brackets that allow the drawer front to be adjusted both vertically (up and down) and horizontally (left and right). Thickness of side panels of drawer can be up to 19mm.",,,/en/furniture-fittings/,,,,,,,,,,,,,,,,,,,,,,,,,,,,,,,,450 mm,,,,,,35 kg,,,,,,,,,,,,,,,,/en/catalogue/full-extension-fw010302/,,,,,,,,,,,,,,,,,,,,,,,,,,,,,,,,,"Riex NU70 Concealed slide, full extension, push for open, synchro, 35 kg, 450 mm, 2D brackets",,,,,,,,,,Push for Open,,,,,,,,,,,,,,,,,,,1.39,,,,,,Riex,,,,,Yes,,,,,19 mm,,,,,,,F000174,,,,,,,/en/product/riex-nu70-concealed-slide-full-extension-push-for-open-synchro-35-kg-450-mm-2d-brackets-fwf000174/,,,,,,,,https://hosting.photorobot.com/images/4748478675156992/-N1biKZ92n9sa9VV1Fhl/FINAL/iLELcRAIM5zTk1ycuuRo5w,,,,,,,,,,,,,,2D,,,,/en/catalogue/drawer-slides-fw01/,,/en/
,,,,"45mm ball-bearing slide for all-wood drawers. The extension length is the same as its nominal length (full extension). This is a solid drawer slide, the thicknesses of the materials used are 1.2, 1.2 and 1.5mm. The drawer is equipped with soft-closing mechanism with closing spring and oil damper for slow closing. For easy installation, the drawer profile can be separated from the rest of the drawer, screwed onto the drawer and then pushed back in.",,,/en/furniture-fittings/,,,,,,,,,,,,,,,,,/en/catalogue/ball-bearing-slides-fw0104/,,,,,"1,2*1,2*1,5 mm",,,,,,,,,,300 mm,,,,15,,35 kg,,,,,,,,,,,,,,,,/en/catalogue/full-extension-fw010402/,,,,,,,,,,,,,,,,,,,,,,,,,,,,,,,,,"Riex NB58 Ball bearing slide, full extension, soft-close, 35 kg/20 kg, H45, 300 mm, nickel",,,,,45 mm,,,/en/product/riex-nb58-ball-bearing-slide-full-extension-soft-close-35-kg-20-kg-h45-300-mm-nickel-fwf000808/,,Soft-close,,,,,,,,,,,,,,,,,,,1.46,,,,,,Riex,,Nickel,,,,,,,,,,,,,,,F000808,,,,,,,,,,,,,,,https://hosting.photorobot.com/images/4748478675156992/-NLaR28pirpT6is2MniE/FINAL/aKqK6qiCphx6xfR-CUJjbw,,,,,,,,,,,,,,,,,,/en/catalogue/drawer-slides-fw01/,,/en/
,,,,"45mm ball-bearing slide for all-wood drawers. The extension length is the same as its nominal length (full extension). This is a solid drawer slide, the thicknesses of the materials used are 1.2, 1.2 and 1.5mm. The drawer is equipped with soft-closing mechanism with closing spring and oil damper for slow closing. For easy installation, the drawer profile can be separated from the rest of the drawer, screwed onto the drawer and then pushed back in.",,,/en/furniture-fittings/,,,,,,,,,,,,,,,,,/en/catalogue/ball-bearing-slides-fw0104/,,,,,"1,2*1,2*1,5 mm",,,,,,,,,,350 mm,,,,15,,35 kg,,,,,,,,,,,/en/product/riex-nb58-ball-bearing-slide-full-extension-soft-close-35-kg-25-kg-h45-350-mm-nickel-fwf000809/,,,,,/en/catalogue/full-extension-fw010402/,,,,,,,,,,,,,,,,,,,,,,,,,,,,,,,,,"Riex NB58 Ball bearing slide, full extension, soft-close, 35 kg/25 kg, H45, 350 mm, nickel",,,,,45 mm,,,,,Soft-close,,,,,,,,,,,,,,,,,,,1.46,,,,,,Riex,,Nickel,,,,,,,,,,,,,,,F000809,,,,,,,,,,,,,,,https://hosting.photorobot.com/images/4748478675156992/-NLaFaanLKtMEjLOqgCs/FINAL/LcdiinE2JV33ocnDh28rLA,,,,,,,,,,,,,,,,,,/en/catalogue/drawer-slides-fw01/,,/en/
,,,,"45mm ball-bearing slide for all-wood drawers. The extension length is the same as its nominal length (full extension). This is a solid drawer slide, the thicknesses of the materials used are 1.2, 1.2 and 1.5mm. The drawer is equipped with soft-closing mechanism with closing spring and oil damper for slow closing. For easy installation, the drawer profile can be separated from the rest of the drawer, screwed onto the drawer and then pushed back in.",,,/en/furniture-fittings/,,,,,,,,,,,,,,,,,/en/catalogue/ball-bearing-slides-fw0104/,,,,,"1,2*1,2*1,5 mm",,,,,,,,,,400 mm,,,,15,,35 kg,,,,,,,,,,,,,,,,/en/catalogue/full-extension-fw010402/,,,,,,,,,,,,,,,,,,,,,,,,,,,,,,,,,"Riex NB58 Ball bearing slide, full extension, soft-close, 35 kg/30 kg, H45, 400 mm, nickel",,,/en/product/riex-nb58-ball-bearing-slide-full-extension-soft-close-35-kg-30-kg-h45-400-mm-nickel-fwf000810/,,45 mm,,,,,Soft-close,,,,,,,,,,,,,,,,,,,1.46,,,,,,Riex,,Nickel,,,,,,,,,,,,,,,F000810,,,,,,,,,,,,,,,https://hosting.photorobot.com/images/4748478675156992/-NLaGfLU9P5NTqfEbLwa/FINAL/oY4_xdQhr2D_srSVevyIlQ,,,,,,,,,,,,,,,,,,/en/catalogue/drawer-slides-fw01/,,/en/
,,,,"45mm ball-bearing slide for all-wood drawers. The extension length is the same as its nominal length (full extension). This is a solid drawer slide, the thicknesses of the materials used are 1.2, 1.2 and 1.5mm. The drawer is equipped with soft-closing mechanism with closing spring and oil damper for slow closing. For easy installation, the drawer profile can be separated from the rest of the drawer, screwed onto the drawer and then pushed back in.",,,/en/furniture-fittings/,,,,,,,,,,,,,,,,,/en/catalogue/ball-bearing-slides-fw0104/,,,,,"1,2*1,2*1,5 mm",,,,,,,,,,450 mm,,,,15,,35 kg,,,,,,,,/en/product/riex-nb58-ball-bearing-slide-full-extension-soft-close-35-kg-35-kg-h45-450-mm-nickel-fwf000811/,,,,,,,,/en/catalogue/full-extension-fw010402/,,,,,,,,,,,,,,,,,,,,,,,,,,,,,,,,,"Riex NB58 Ball bearing slide, full extension, soft-close, 35 kg/35 kg, H45, 450 mm, nickel",,,,,45 mm,,,,,Soft-close,,,,,,,,,,,,,,,,,,,1.46,,,,,,Riex,,Nickel,,,,,,,,,,,,,,,F000811,,,,,,,,,,,,,,,https://hosting.photorobot.com/images/4748478675156992/-NLaHmauSFPJ4IYrncmh/FINAL/FvbSE2C5cXbNaf6-mMBeIQ,,,,,,,,,,,,,,,,,,/en/catalogue/drawer-slides-fw01/,,/en/
,,,,"45mm ball-bearing slide for all-wood drawers. The extension length is the same as its nominal length (full extension). This is a solid drawer slide, the thicknesses of the materials used are 1.2, 1.2 and 1.5mm. The drawer is equipped with soft-closing mechanism with closing spring and oil damper for slow closing. For easy installation, the drawer profile can be separated from the rest of the drawer, screwed onto the drawer and then pushed back in.",,,/en/furniture-fittings/,,,,,,,,,,,,,,,,,/en/catalogue/ball-bearing-slides-fw0104/,,,/en/product/riex-nb58-ball-bearing-slide-full-extension-soft-close-35-kg-35-kg-h45-500-mm-nickel-fwf000812/,,"1,2*1,2*1,5 mm",,,,,,,,,,500 mm,,,,15,,35 kg,,,,,,,,,,,,,,,,/en/catalogue/full-extension-fw010402/,,,,,,,,,,,,,,,,,,,,,,,,,,,,,,,,,"Riex NB58 Ball bearing slide, full extension, soft-close, 35 kg/35 kg, H45, 500 mm, nickel",,,,,45 mm,,,,,Soft-close,,,,,,,,,,,,,,,,,,,1.46,,,,,,Riex,,Nickel,,,,,,,,,,,,,,,F000812,,,,,,,,,,,,,,,https://hosting.photorobot.com/images/4748478675156992/-Mgt5b6KWxVruXOs4cz2/FINAL/atBWeP0ng37PsftutdezUA,,,,,,,,,,,,,,,,,,/en/catalogue/drawer-slides-fw01/,,/en/
,,,,"45mm ball-bearing slide for all-wood drawers. The extension length is the same as its nominal length (full extension). This is a solid drawer slide, the thicknesses of the materials used are 1.2, 1.2 and 1.5mm. The drawer is equipped with soft-closing mechanism with closing spring and oil damper for slow closing. For easy installation, the drawer profile can be separated from the rest of the drawer, screwed onto the drawer and then pushed back in.",,,/en/furniture-fittings/,,,,,,,,,,,,,,,,,/en/catalogue/ball-bearing-slides-fw0104/,,,,,"1,2*1,2*1,5 mm",,,,,,,,,,550 mm,,,,15,,35 kg,,,,,,,,,,,,,,,,/en/catalogue/full-extension-fw010402/,,,,,,,,,,,,,,,,,,,,,,,,,,,,,,,,,"Riex NB58 Ball bearing slide, full extension, soft-close, 35 kg/30 kg, H45, 550 mm, nickel",,,,,45 mm,,,,,Soft-close,,,,,,,,,,,/en/product/riex-nb58-ball-bearing-slide-full-extension-soft-close-35-kg-30-kg-h45-550-mm-nickel-fwf000813/,,,,,,,,1.46,,,,,,Riex,,Nickel,,,,,,,,,,,,,,,F000813,,,,,,,,,,,,,,,https://hosting.photorobot.com/images/4748478675156992/-NLaKnPpGqss9X8D-pJF/FINAL/2VNQl0alwLk8Ibays8qa3w,,,,,,,,,,,,,,,,,,/en/catalogue/drawer-slides-fw01/,,/en/
,,,,"45mm ball-bearing slide for all-wood drawers. The extension length is the same as its nominal length (full extension). This is a solid drawer slide, the thicknesses of the materials used are 1.2, 1.2 and 1.5mm. The drawer is equipped with soft-closing mechanism with closing spring and oil damper for slow closing. For easy installation, the drawer profile can be separated from the rest of the drawer, screwed onto the drawer and then pushed back in.",,,/en/furniture-fittings/,,,,,,,,,,,,,,,,,/en/catalogue/ball-bearing-slides-fw0104/,,,,,"1,2*1,2*1,5 mm",,,,,,,,,,600 mm,,,,15,,35 kg,,,,,,,,,,,,,,,,/en/catalogue/full-extension-fw010402/,,,,,,,,,,,,,,,,,,,,,,,,,,,,,,,,,"Riex NB58 Ball bearing slide, full extension, soft-close, 35 kg/25 kg, H45, 600 mm, nickel",,,,,45 mm,,,,,Soft-close,,,,,,,,,,,,,,,,,,,1.46,,,,,,Riex,,Nickel,,,,,,,,,,,,,,,F000814,,,,,,,,,,,,,,,https://hosting.photorobot.com/images/4748478675156992/-NLaPdXmQRB2kkxOsVG4/FINAL/lYvUcRTZxa79n5PAZx9juw,,,,/en/product/riex-nb58-ball-bearing-slide-full-extension-soft-close-35-kg-25-kg-h45-600-mm-nickel-fwf000814/,,,,,,,,,,,,,,/en/catalogue/drawer-slides-fw01/,,/en/
,,,,"45mm ball-bearing slide for all-wood drawers. The extension length is the same as its nominal length (full extension). This is a solid drawer slide, the thicknesses of the materials used are 1, 1 and 1.2mm. The drawer is equipped with push to open mechanism. For easy installation, the drawer profile can be separated from the rest of the drawer, screwed onto the drawer and then pushed back in.",,,/en/furniture-fittings/,,,,,,,,,,,,,,,,,/en/catalogue/ball-bearing-slides-fw0104/,,,,,"1,0*1,0*1,2 mm",,,,,,,,,,300 mm,,,,15,,35 kg,,,,,,,,,,,,,,,,/en/catalogue/full-extension-fw010402/,,,,,,,,,,,,,,,,,,,,,,,,,,,,,,,,,"Riex NB51 Ball bearing slide, full extension, PushForOpen, 35 kg/19 kg, H45, 300 mm, nickel",,,,,45 mm,,,,,Push for Open,,,,,,,,,,,,,,,,,,,1.48,,,,,,Riex,,,,,,,,,,,,,,,,,F000815,,,,,,,,,,/en/product/riex-nb51-ball-bearing-slide-full-extension-pushforopen-35-kg-19-kg-h45-300-mm-nickel-fwf000815/,,,,,https://hosting.photorobot.com/images/4748478675156992/-NAOSJ_Godjm6F1RCgEF/FINAL/1WbBuGak0jRcwQjTY8SQ1w,,,,,,,,,,,,,,,,,,/en/catalogue/drawer-slides-fw01/,,/en/
,,,,"45mm ball-bearing slide for all-wood drawers. The extension length is the same as its nominal length (full extension). This is a solid drawer slide, the thicknesses of the materials used are 1, 1 and 1.2mm. The drawer is equipped with push to open mechanism. For easy installation, the drawer profile can be separated from the rest of the drawer, screwed onto the drawer and then pushed back in.",,,/en/furniture-fittings/,,,,,,,,,,,,,,,,,/en/catalogue/ball-bearing-slides-fw0104/,,,,,"1,0*1,0*1,2 mm",,,,,,,,,,350 mm,,,,15,,35 kg,,,,,,,,,,,,,,,,/en/catalogue/full-extension-fw010402/,,,,,,,,,,,,,,,,,,,,,,,,,,,,,,,,,"Riex NB51 Ball bearing slide, full extension, PushForOpen, 35 kg/26 kg, H45, 350 mm, nickel",,,,,45 mm,,,,,Push for Open,,,,,,,,,,,,,,,,,,,1.48,,,,,,Riex,,,,,,,,,,,,,,,,,F000816,,,,,,,,,,,,,,/en/product/riex-nb51-ball-bearing-slide-full-extension-pushforopen-35-kg-26-kg-h45-350-mm-nickel-fwf000816/,https://hosting.photorobot.com/images/4748478675156992/-NAOcDn-NHTltpLv2mrR/FINAL/kjO-2qhrTaeKMBrICpFXUA,,,,,,,,,,,,,,,,,,/en/catalogue/drawer-slides-fw01/,,/en/
,,,,"45mm ball-bearing slide for all-wood drawers. The extension length is the same as its nominal length (full extension). This is a solid drawer slide, the thicknesses of the materials used are 1, 1 and 1.2mm. The drawer is equipped with push to open mechanism. For easy installation, the drawer profile can be separated from the rest of the drawer, screwed onto the drawer and then pushed back in.",,,/en/furniture-fittings/,,,,,,,,,,,,,,,,,/en/catalogue/ball-bearing-slides-fw0104/,,,,,"1,0*1,0*1,2 mm",,,,,,,,,,400 mm,,,,15,,35 kg,,,,,,,,,,,,,,,,/en/catalogue/full-extension-fw010402/,,,,,,,,,,,,,,,,,,,,,,,,,,,,,,,,,"Riex NB51 Ball bearing slide, full extension, PushForOpen, 35 kg/30 kg, H45, 400 mm, nickel",,,,,45 mm,,,,,Push for Open,,,,,,,,,,,,,,,,,,,1.48,,,,,,Riex,,,,,,,,,,,,,,/en/product/riex-nb51-ball-bearing-slide-full-extension-pushforopen-35-kg-30-kg-h45-400-mm-nickel-fwf000817/,,,F000817,,,,,,,,,,,,,,,https://hosting.photorobot.com/images/4748478675156992/-NBuiHxK1eKkol7nEeZh/FINAL/KV7-KcqOOrIMDtbNXJ53kA,,,,,,,,,,,,,,,,,,/en/catalogue/drawer-slides-fw01/,,/en/
,,,,"45mm ball-bearing slide for all-wood drawers. The extension length is the same as its nominal length (full extension). This is a solid drawer slide, the thicknesses of the materials used are 1, 1 and 1.2mm. The drawer is equipped with push to open mechanism. For easy installation, the drawer profile can be separated from the rest of the drawer, screwed onto the drawer and then pushed back in.",,,/en/furniture-fittings/,,,,,,,,,,,,,,,,,/en/catalogue/ball-bearing-slides-fw0104/,,,,,"1,0*1,0*1,2 mm",,,,,,,,,,450 mm,,,,15,,35 kg,,,,,,,,,,,,,,,,/en/catalogue/full-extension-fw010402/,,,,,,,,,,,,,,,,,,,,,,,,,,,/en/product/riex-nb51-ball-bearing-slide-full-extension-pushforopen-35-kg-35-kg-h45-450-mm-nickel-fwf000818/,,,,,,"Riex NB51 Ball bearing slide, full extension, PushForOpen, 35 kg/35 kg, H45, 450 mm, nickel",,,,,45 mm,,,,,Push for Open,,,,,,,,,,,,,,,,,,,1.48,,,,,,Riex,,,,,,,,,,,,,,,,,F000818,,,,,,,,,,,,,,,https://hosting.photorobot.com/images/4748478675156992/-NCJWD61ooYRttxR2Jn9/FINAL/ZctKjHRzCJozZpbI9wjBnQ,,,,,,,,,,,,,,,,,,/en/catalogue/drawer-slides-fw01/,,/en/
,,,,"45mm ball-bearing slide for all-wood drawers. The extension length is the same as its nominal length (full extension). This is a solid drawer slide, the thicknesses of the materials used are 1, 1 and 1.2mm. The drawer is equipped with push to open mechanism. For easy installation, the drawer profile can be separated from the rest of the drawer, screwed onto the drawer and then pushed back in.",,,/en/furniture-fittings/,,,,,,,,,,,,,,,,,/en/catalogue/ball-bearing-slides-fw0104/,,,,,"1,0*1,0*1,2 mm",,,,,,,,,,500 mm,,,,15,,35 kg,,,,,,,,,,,,,,,,/en/catalogue/full-extension-fw010402/,,,,,,,,,,,,,,,,,,,,,,,,,,,,,,,,,"Riex NB51 Ball bearing slide, full extension, PushForOpen, 35 kg/35 kg, H45, 500 mm, nickel",,,,,45 mm,,,,,Push for Open,,,,,,,,,,,,,,,,,,,1.48,,,,,,Riex,,,,,,,,,,,,,,,,,F000819,,,,,,,,/en/product/riex-nb51-ball-bearing-slide-full-extension-pushforopen-35-kg-35-kg-h45-500-mm-nickel-fwf000819/,,,,,,,https://hosting.photorobot.com/images/4748478675156992/-NoRJzIzUeXeDopaUFJE/FINAL/WQz4l0mzIhYD8He3sUJ-Ow,,,,,,,,,,,,,,,,,,/en/catalogue/drawer-slides-fw01/,,/en/
,,,,"45mm ball-bearing slide for all-wood drawers. The extension length is the same as its nominal length (full extension). This is a solid drawer slide, the thicknesses of the materials used are 1, 1 and 1.2mm. The drawer is equipped with push to open mechanism. For easy installation, the drawer profile can be separated from the rest of the drawer, screwed onto the drawer and then pushed back in.",,,/en/furniture-fittings/,,,,,,,,,,,,,,,,,/en/catalogue/ball-bearing-slides-fw0104/,,,,,"1,0*1,0*1,2 mm",,,,,,,,,,550 mm,,,,15,,35 kg,,,,,,,,,,,,,,,,/en/catalogue/full-extension-fw010402/,,,,,,,,,/en/product/riex-nb51-ball-bearing-slide-full-extension-pushforopen-35-kg-33-kg-h45-550-mm-nickel-fwf000820/,,,,,,,,,,,,,,,,,,,,,,,,"Riex NB51 Ball bearing slide, full extension, PushForOpen, 35 kg/33 kg, H45, 550 mm, nickel",,,,,45 mm,,,,,Push for Open,,,,,,,,,,,,,,,,,,,1.48,,,,,,Riex,,,,,,,,,,,,,,,,,F000820,,,,,,,,,,,,,,,https://hosting.photorobot.com/images/4748478675156992/-NCJVPyPv80PgLyXE9-d/FINAL/230rMkYfFGJzPt4w2TZhuw,,,,,,,,,,,,,,,,,,/en/catalogue/drawer-slides-fw01/,,/en/
,,,,"45mm ball-bearing slide for all-wood drawers. The extension length is the same as its nominal length (full extension). This is a solid drawer slide, the thicknesses of the materials used are 1, 1 and 1.2mm. The drawer is equipped with push to open mechanism. For easy installation, the drawer profile can be separated from the rest of the drawer, screwed onto the drawer and then pushed back in.",,,/en/furniture-fittings/,,,,,,,,,,,,,,,,,/en/catalogue/ball-bearing-slides-fw0104/,,,,,"1,0*1,0*1,2 mm",,,,,,,,,,600 mm,,,,15,,35 kg,,,,,,,,,,,,,,,,/en/catalogue/full-extension-fw010402/,,,,,,,,/en/product/riex-nb51-ball-bearing-slide-full-extension-pushforopen-35-kg-33-kg-h45-600-mm-nickel-fwf000821/,,,,,,,,,,,,,,,,,,,,,,,,,"Riex NB51 Ball bearing slide, full extension, PushForOpen, 35 kg/33 kg, H45, 600 mm, nickel",,,,,45 mm,,,,,Push for Open,,,,,,,,,,,,,,,,,,,1.48,,,,,,Riex,,,,,,,,,,,,,,,,,F000821,,,,,,,,,,,,,,,https://hosting.photorobot.com/images/4748478675156992/-NCJZIu9uuy7KnVqUDJK/FINAL/J0OpggCt4eHkwcsOWJ6QJg,,,,,,,,,,,,,,,,,,/en/catalogue/drawer-slides-fw01/,,/en/
,,,,Full extension ball bearing slide for installation on wooden drawer. Inner drawer bar can be removed for easier installation of the drawer. The slide has a soft-closing device.,,,/en/furniture-fittings/,,,,,,,,,,,,,,,,,/en/catalogue/ball-bearing-slides-fw0104/,,,,,"1,0*1,0*1,2 mm",,,,,,,,,,400 mm,,,,15,,30 kg,,,,,,,,,,,,,,,,/en/catalogue/full-extension-fw010402/,,,,,,,,,,,,,,,,,,,,,,,,,,,,,,,,,"Riex NB48 Ball bearing slide, full extension, soft-close, 30 kg/26 kg, H45, 400 mm, nickel",,,,,45 mm,,,,,Soft-close,,,,,,,,,,,,,,,,,,,1.47,,,,,,Riex,,,,,,,,,,,,,,,,,F002915,,,,,,,,,,,,,,,https://hosting.photorobot.com/images/4748478675156992/-N5JOIuulSB6yBctpRsO/FINAL/Vm2vAKlwb40OnYLyu6EeZA,,,,,,,,,/en/product/riex-nb48-ball-bearing-slide-full-extension-soft-close-30-kg-26-kg-h45-400-mm-nickel-fwf002915/,,,,,,,,,/en/catalogue/drawer-slides-fw01/,,/en/
,,,,Full extension ball bearing slide for installation on wooden drawer. Inner drawer bar can be removed for easier installation of the drawer. The slide has a soft-closing device.,,,/en/furniture-fittings/,,,,,,,,,,,,,,,,,/en/catalogue/ball-bearing-slides-fw0104/,,,,,"1,0*1,0*1,2 mm",,,,,,,,,,450 mm,,,,15,,30 kg,,,,,,,,,,,,,,,,/en/catalogue/full-extension-fw010402/,,,,,,,,,,,,,,,,,,,,,,,,,,,,,,,,,"Riex NB48 Ball bearing slide, full extension, soft-close, 30 kg/30 kg, H45, 450 mm, nickel",,,,,45 mm,,/en/product/riex-nb48-ball-bearing-slide-full-extension-soft-close-30-kg-30-kg-h45-450-mm-nickel-fwf002916/,,,Soft-close,,,,,,,,,,,,,,,,,,,1.47,,,,,,Riex,,,,,,,,,,,,,,,,,F002916,,,,,,,,,,,,,,,https://hosting.photorobot.com/images/4748478675156992/-N59S6jTu3usfXhf0csS/FINAL/qLbuUmwgdOMRhnC4yE3Maw,,,,,,,,,,,,,,,,,,/en/catalogue/drawer-slides-fw01/,,/en/
,,,,"Furniture cup angle hinge 45° with soft-closing.  The hinge is equipped with a lever shaped casted clip mechanism for easy detachment from the plate. The hinge arm is equipped with a round sunk CAM screw with a large adjusting range for easy adjustment of the gap between the cabinet and the door. The hinge is equipped with a steel damper that is capable of absorbing even a very dynamically closing door. The door has a 45° angle to the normal hinge when closed, so it is suitable for various types of corner cabinets.",,,/en/furniture-fittings/,,,,,,No,,,,,,,,,,,,,,,No,,,,,,,,/en/catalogue/cup-hinges-clip-on-fw0201/,,,,,,,200,,,,,,,,,,,,,,,,,,,,,,,,,,,,Yes,,,Screws on,,,,,,/en/catalogue/hinges-push-for-open-mechanisms-fw02/,,,,,,/en/catalogue/angular-fw020103/,,,,,,,,"Riex NC70 Hinge clip on, 45°, soft-close",,,,,,,,,,,/en/product/riex-nc70-hinge-clip-on-45-soft-close-fwf000036/,,,,,,,,,,,,,,,,,,2.11,,,,,,Riex,,,,,,,,,,,,,Full Overlay,,,,F000036,,,,,,,,,,,,,,,https://hosting.photorobot.com/images/4748478675156992/-N04jenaX42bLgelzvHo/FINAL/9QQ7q0hUgbFdyRYrukBNmg,,,,,,,,,,,,,,,,,,,,/en/
,,,,"Furniture cup angle hinge 90° with soft-closing.  The hinge is equipped with a lever shaped casted clip mechanism for easy detachment from the plate. The hinge arm is equipped with a round sunk CAM screw with a large adjusting range for easy adjustment of the gap between the cabinet and the door. The hinge is equipped with a steel damper that is capable of absorbing even a very dynamically closing door. The door has a 90° angle to the normal hinge when closed (the door is parallel to the cabinet), so it is suitable for various types of cabinets with frame.",,,/en/furniture-fittings/,,,,,,No,,/en/product/riex-nc70-hinge-clip-on-90-soft-close-fwf000038/,,,,,,,,,,,,,No,,,,,,,,/en/catalogue/cup-hinges-clip-on-fw0201/,,,,,,,200,,,,,,,,,,,,,,,,,,,,,,,,,,,,Yes,,,Screws on,,,,,,/en/catalogue/hinges-push-for-open-mechanisms-fw02/,,,,,,/en/catalogue/angular-fw020103/,,,,,,,,"Riex NC70 Hinge clip on, 90°, soft-close",,,,,,,,,,,,,,,,,,,,,,,,,,,,,2.11,,,,,,Riex,,,,,,,,,,,,,Full Overlay,,,,F000038,,,,,,,,,,,,,,,https://hosting.photorobot.com/images/4748478675156992/-N-avRvJ44JO-0SDGvno/FINAL/Py8tpxjxIRmWgCOoqf3y5w,,,,,,,,,,,,,,,,,,,,/en/
,,,,"Furniture angle hinge 135° without soft-closing. The hinge is equipped with a clip mechanism for easy attachment to the mounting pad. The door is at a 135° angle to the normal hinge when closed, making the hinge particularly suitable for folded, corner cabinet doors.",,,/en/furniture-fittings/,,,,,,No,,,,,,,,,,,,,,,No,,,,,,,,/en/catalogue/cup-hinges-clip-on-fw0201/,,,,,,,100,,,,,,,,,,,,,,,,,,,,,,,,,,,,No,,,Screws on,,,,,,/en/catalogue/hinges-push-for-open-mechanisms-fw02/,,,,,,/en/catalogue/angular-fw020103/,,,,,,,,"Riex NC70 Hinge clip on, 135°, without soft-close",,,,,,,,,,,,,,,,,,,,,,,,,,,,,2.11,,,,,,Riex,,,,,,,,,,,,,Full Overlay,,,,F000040,,,,,/en/product/riex-nc70-hinge-clip-on-135-without-soft-close-fwf000040/,,,,,,,,,,https://hosting.photorobot.com/images/4748478675156992/-N1bGBYlVk3x3lvbCJ3a/FINAL/H_vOU-IPoX7hodjrvJahqw,,,,,,,,,,,,,,,,,,,,/en/
,,,,Roller slides for all-wood drawers. A very simple but functional solution for pulling out wooden drawers. Total load capacity up to 25kg including the drawer. The slides have slopped end parts so that they close by themselves.,,,/en/furniture-fittings/,,,,,,,,,,,,,,,,,,,,,,"0,9 mm",,,,,,,,,,250 mm,,,,25,,20 kg,,,,,,,,,,,,,,,,,,,,,,,,,,,,,,,,,,/en/catalogue/roller-slides-fw0106/,,,,,,,,,,,,,,,"Riex NR09 Roller slide, 250 mm, white",,,,,,/en/product/riex-nr09-roller-slide-250-mm-white-fwf000545/,,,,Without Mechanism,,,,,,,,,,,,,,,,,,,1.61,,,,,,Riex,,White,,,,,,,,,,,,,,,F000545,,,,,,,,,,,,,,,https://hosting.photorobot.com/images/4748478675156992/-NM9IVW5l1Sp4ppH_8Rg/FINAL/kZgODSK0CNDsLQb28y7hzg,,,,,,,/en/catalogue/slides-fw010601/,,,,,,,,,,,/en/catalogue/drawer-slides-fw01/,,/en/
,,,,Roller slides for all-wood drawers. A very simple but functional solution for pulling out wooden drawers. Total load capacity up to 25kg including the drawer. The slides have slopped end parts so that they close by themselves.,,,/en/furniture-fittings/,,,,,,,,,,,,,,,,,,,,,,"0,9 mm",,,/en/product/riex-nr09-roller-slide-300-mm-white-fwf000546/,,,,,,,300 mm,,,,25,,20 kg,,,,,,,,,,,,,,,,,,,,,,,,,,,,,,,,,,/en/catalogue/roller-slides-fw0106/,,,,,,,,,,,,,,,"Riex NR09 Roller slide, 300 mm, white",,,,,,,,,,Without Mechanism,,,,,,,,,,,,,,,,,,,1.61,,,,,,Riex,,White,,,,,,,,,,,,,,,F000546,,,,,,,,,,,,,,,https://hosting.photorobot.com/images/4748478675156992/-NM9AO1YnRCvYzC8UFkC/FINAL/oMXSTiPA9AszIeaWWXNjNw,,,,,,,/en/catalogue/slides-fw010601/,,,,,,,,,,,/en/catalogue/drawer-slides-fw01/,,/en/
,,,,Roller slides for all-wood drawers. A very simple but functional solution for pulling out wooden drawers. Total load capacity up to 25kg including the drawer. The slides have slopped end parts so that they close by themselves.,,,/en/furniture-fittings/,,,,,,,,,,,,,,,,,,,,,,"0,9 mm",,,,,,,,,,350 mm,,,,25,,20 kg,,,,,,,,,,,,,,,,,,,/en/product/riex-nr09-roller-slide-350-mm-white-fwf000547/,,,,,,,,,,,,,,,/en/catalogue/roller-slides-fw0106/,,,,,,,,,,,,,,,"Riex NR09 Roller slide, 350 mm, white",,,,,,,,,,Without Mechanism,,,,,,,,,,,,,,,,,,,1.61,,,,,,Riex,,White,,,,,,,,,,,,,,,F000547,,,,,,,,,,,,,,,https://hosting.photorobot.com/images/4748478675156992/-NM7wHyvDWa38TipLvK0/FINAL/1P7g1q9wes-__CWd1TK8ng,,,,,,,/en/catalogue/slides-fw010601/,,,,,,,,,,,/en/catalogue/drawer-slides-fw01/,,/en/
,,,,Roller slides for all-wood drawers. A very simple but functional solution for pulling out wooden drawers. Total load capacity up to 25kg including the drawer. The slides have slopped end parts so that they close by themselves.,,,/en/furniture-fittings/,,,,,,,,,,,,,,,,,,,,,,"0,9 mm",,,,,,,,,,400 mm,,,,25,,20 kg,,,,,,,,,,,,,,,,,,,,,,,,,,,,,,,,,,/en/catalogue/roller-slides-fw0106/,,,,,,,,,,,,,,,"Riex NR09 Roller slide, 400 mm, white",,,,,,,,,,Without Mechanism,,,,,,,,,,,,,,,,,,,1.61,,,,,,Riex,,White,,,,,,,,,,,,,,,F000548,,,,,,,,,,,,,,,https://hosting.photorobot.com/images/4748478675156992/-NM3je5oLQlT4E3mihdw/FINAL/sVbMrY_6Byja7RJojkvw-g,,,/en/product/riex-nr09-roller-slide-400-mm-white-fwf000548/,,,,/en/catalogue/slides-fw010601/,,,,,,,,,,,/en/catalogue/drawer-slides-fw01/,,/en/
,,,,Roller slides for all-wood drawers. A very simple but functional solution for pulling out wooden drawers. Total load capacity up to 25kg including the drawer. The slides have slopped end parts so that they close by themselves.,,,/en/furniture-fittings/,,,,,,,,,,,,,,,,,,,,,,"0,9 mm",/en/product/riex-nr09-roller-slide-450-mm-white-fwf000549/,,,,,,,,,450 mm,,,,25,,20 kg,,,,,,,,,,,,,,,,,,,,,,,,,,,,,,,,,,/en/catalogue/roller-slides-fw0106/,,,,,,,,,,,,,,,"Riex NR09 Roller slide, 450 mm, white",,,,,,,,,,Without Mechanism,,,,,,,,,,,,,,,,,,,1.61,,,,,,Riex,,White,,,,,,,,,,,,,,,F000549,,,,,,,,,,,,,,,https://hosting.photorobot.com/images/4748478675156992/-Mz-VO0xLJemDao57qHP/FINAL/XSHWADtgz-4EDZuu90bKSw,,,,,,,/en/catalogue/slides-fw010601/,,,,,,,,,,,/en/catalogue/drawer-slides-fw01/,,/en/
,,,,Roller slides for all-wood drawers. A very simple but functional solution for pulling out wooden drawers. Total load capacity up to 25kg including the drawer. The slides have slopped end parts so that they close by themselves.,,,/en/furniture-fittings/,,,,,,,,,,,,,,,,,,,,,,"0,9 mm",,,,,,,,,,500 mm,,,,25,,20 kg,,,,,,,,,,,,,,,,,,,,,,,,,,,,,,,,,,/en/catalogue/roller-slides-fw0106/,,,,,,,,,,,,,,,"Riex NR09 Roller slide, 500 mm, white",,,,,,,,,,Without Mechanism,,,,,,,,,,,,,,,,,,,1.61,,,,,,Riex,,White,,,,,,,,,/en/product/riex-nr09-roller-slide-500-mm-white-fwf000550/,,,,,,F000550,,,,,,,,,,,,,,,https://hosting.photorobot.com/images/4748478675156992/-NM850lGrD5n-ctFNTrE/FINAL/jt7GShVx6aRjrGXYY2J9_Q,,,,,,,/en/catalogue/slides-fw010601/,,,,,,,,,,,/en/catalogue/drawer-slides-fw01/,,/en/
,,,,Roller slides for all-wood drawers. A very simple but functional solution for pulling out wooden drawers. Total load capacity up to 25kg including the drawer. The slides have slopped end parts so that they close by themselves.,,,/en/furniture-fittings/,,,,,,,,,,,,,,,,,,,,,,"0,9 mm",,,,,,,,,,600 mm,,,,25,,20 kg,,,,,,,,,,,,,,,,,,,,,,,,,,,,,,,,,,/en/catalogue/roller-slides-fw0106/,,,,,,,,,,,,,,,"Riex NR09 Roller slide, 600 mm, white",,,,,,,,,,Without Mechanism,,,,,,,,,,,,,,,,,,,1.61,,,,,,Riex,,White,,,,,,,,,,,,,,,F000552,,,,,,,,,,,,,,,https://hosting.photorobot.com/images/4748478675156992/-NLzFKnyZ-oj4CDXq45u/FINAL/KQbnyfPt9oUsjCR6U88sUA,,,,,,,/en/catalogue/slides-fw010601/,,,,,/en/product/riex-nr09-roller-slide-600-mm-white-fwf000552/,,,,,,/en/catalogue/drawer-slides-fw01/,,/en/
,,,,"Furniture cup hinge with Euro screws in the cup, for full overlay doors. It is a hinge with very high durability. The hinge is equipped with a button shaped casted clip mechanism for easy detachment from mounting plate. Hinge arm is equipped with a CAM screw for easy adjustment of the gap between the cabinet and the door. The hinge is equipped with a steel damper that is able to absorb even a very dynamically closing door.",,,/en/furniture-fittings/,,,,,,No,,,,,,,,,,,,,,,No,,,,,,,,/en/catalogue/cup-hinges-clip-on-fw0201/,,,,,,,200,,,,,,,,,,,,,,,,,,,,,,,,,,,,Yes,,,Screws on,,,,,,/en/catalogue/hinges-push-for-open-mechanisms-fw02/,,,,,,,,,,,,,,"Riex NC50 Hinge clip on, full overlay, soft-close",,,,,,,,,,,,,,,,,,,,,,,,,,,,,2.13,/en/catalogue/standard-fw020101/,,,,,Riex,,,,,,,,,,,,,Full Overlay,,,,F000014,,,,,,,,,,,,/en/product/riex-nc50-hinge-clip-on-full-overlay-soft-close-fwf000014/,,,https://hosting.photorobot.com/images/4748478675156992/-N04VcW5ELKE8DHIrhJX/FINAL/eRfs-4EDLQ5u5AZdhYNyfA,,,,,,,,,,,,,,,,,,,,/en/
,,,,"Piston for handleless door opening. For installation into the edge of the body, a hole ⌀10mm and 70mm long must be drilled and the piston pressed into the hole. There is a rubber door stop at the tip",,,/en/furniture-fittings/,,,,,,,,,,,,,,,,,,,,,,,,,,,,,,,,,,,,50,,,Concealed,,,,,,,,,,,,,,,,,,,,,,,,,,,,,,,,No,,/en/catalogue/hinges-push-for-open-mechanisms-fw02/,,/en/product/riex-nk50-push-for-open-for-drilling-10-mm-38-mm-with-buffer-light-grey-fwf003031/,,,,,,,,,,,,"Riex NK50 Push for open for drilling 10 mm, 38 mm with buffer, light grey",,,,,,,,,,,,,,,,,,,,,,38,,,,,,,2.41,,,,,,Riex,,Light Grey,,/en/catalogue/mechanisms-fw020401/,,,,,,,,,,,,,F003031,,,,,,,,,,,,,,,https://hosting.photorobot.com/images/4748478675156992/-MfXefPAyzQq7sDE-Yog/FINAL/EaD9HP8jBOJQFqmnDGU_zg,,,,,,,,,,,,,,,,/en/catalogue/push-for-open-mechanisms-fw0204/,,,,/en/
,,,,Adapter for the piston of the handleless door opener for installation inside the cabinet without drilling into the edge.,/en/product/riex-nk50-nk55-push-for-open-adapter-for-external-installation-light-grey-fwf003035/,,/en/furniture-fittings/,,,,,,,,,,,,,,,,,,,,,,,,,,,,,,,,,,,,200,,,,,,,,,,,,,,,,,,,,,,,,,,,,,,,,,,,,,/en/catalogue/hinges-push-for-open-mechanisms-fw02/,,,,,,,,,,,,,,"Riex NK50/NK55 Push for open adapter for external installation, light grey",,,,,,,,,,,,,,,,,,,,,,,,,,,,,2.42,,,,,,Riex,,,,,,,,,,,,,,,,,F003035,,,,,,,,,,,,,/en/catalogue/accessories-fw020402/,,https://hosting.photorobot.com/images/4748478675156992/-NdoUaQROrniO-dfNNKn/FINAL/daUfOSJHoFbzP3somcxbfw,,,,,,,,,,,,,,,,/en/catalogue/push-for-open-mechanisms-fw0204/,,,,/en/
,,,,Metal handle with screws for screwing to the front of the cabinet.,,,/en/furniture-fittings/,,,,,,,,,,,,,,,Matt,,,,,,,,,,,,,,,/en/catalogue/handles-knobs-profiles-and-hooks-fw04/,,,,,Steel,10,,,,,,,,,,,,,,,,,,,,,,,,,,,,,,,,,,,,,,,,,,,,,,,,,,,"RiexTouch XH01 Handle, 320 mm, matt black",,,,,,,,,,,,,,,,,,,,,,,,,,,,,4.29,/en/catalogue/standard-fw040101/,,,,/en/product/riextouch-xh01-handle-320-mm-matt-black-fwf001655/,Riex,,Black,,,,,,,,,,,,,,,F001655,,,,,,,,,,,,,,,https://hosting.photorobot.com/images/4748478675156992/-NF7ztXJiFq_gmw4LGWL/FINAL/yAw1qRiITpjvMsim2NKI_w,,,,,,,,320 mm,,,,,/en/catalogue/handles-and-knobs-fw0401/,,,,,,,/en/
,,,,Metal handle with screws for screwing to the front of the cabinet.,,,/en/furniture-fittings/,,,,,,,,,,,,,,,Brushed,,,,,,,,,,,,,,,/en/catalogue/handles-knobs-profiles-and-hooks-fw04/,,,,,Stainless Steel,,,,,,,,,,,,,,,,,,,,,,,,,,,,,,,,,,,,,,,,,,,,,,,,,,,,"RiexTouch XH01 Handle, 96 mm, stainless steel",,,,,,,,,,,,,,,,,,,,,,,,,,,,,4.29,/en/catalogue/standard-fw040101/,,,,,Riex,,Stainless Steel,,,,,,,,,,,,,,/en/product/riextouch-xh01-handle-96-mm-stainless-steel-fwf001664/,F001664,,,,,,,,,,,,,,,https://hosting.photorobot.com/images/4748478675156992/-NJdlqpu3gOxgA_INp36/FINAL/3FMt-m1EA_B4rsRWsoUwcg,,,,,,,,96 mm,,,,,/en/catalogue/handles-and-knobs-fw0401/,,,,,,,/en/
,,,,Metal handle with screws for screwing to the front of the cabinet.,,,/en/furniture-fittings/,,,,,,,,,/en/product/riextouch-xh01-handle-160-mm-stainless-steel-fwf001666/,,,,,,Brushed,,,,,,,,,,,,,,,/en/catalogue/handles-knobs-profiles-and-hooks-fw04/,,,,,Stainless Steel,,,,,,,,,,,,,,,,,,,,,,,,,,,,,,,,,,,,,,,,,,,,,,,,,,,,"RiexTouch XH01 Handle, 160 mm, stainless steel",,,,,,,,,,,,,,,,,,,,,,,,,,,,,4.29,/en/catalogue/standard-fw040101/,,,,,Riex,,Stainless Steel,,,,,,,,,,,,,,,F001666,,,,,,,,,,,,,,,https://hosting.photorobot.com/images/4748478675156992/-NJdl-fXaF95lLoOA-01/FINAL/JoZD_-VJb4NiwWbBiWdAFw,,,,,,,,160 mm,,,,,/en/catalogue/handles-and-knobs-fw0401/,,,,,,,/en/
,,,,Metal handle with screws for screwing to the front of the cabinet.,,,/en/furniture-fittings/,,,,,,,,,,,,,,,Brushed,,,,,,,,,,,,,,,/en/catalogue/handles-knobs-profiles-and-hooks-fw04/,,,,,Stainless Steel,,,,,,,,,,,,,,,,,,,,,,,,,,,,,,,,,,,,,,,,,,,,,,,,,,,,"RiexTouch XH01 Handle, 320 mm, stainless steel",,,,,,,,,,,,,,,,,,,,,,,,,,,,,4.29,/en/catalogue/standard-fw040101/,,,,,Riex,,Stainless Steel,,,,,,,,,,,,,,,F001671,,,,,,,,,,,/en/product/riextouch-xh01-handle-320-mm-stainless-steel-fwf001671/,,,,https://hosting.photorobot.com/images/4748478675156992/-NJdhEhXiiPpVuXgrWPP/FINAL/ZvRSVlV7bedmpwzq89z4uw,,,,,,,,320 mm,,,,,/en/catalogue/handles-and-knobs-fw0401/,,,,,,,/en/
,,,,Metal handle with screws for screwing to the front of the cabinet.,,,/en/furniture-fittings/,,,,,,,,,,,,,,,Polished,,,,,,,,,,,,,,,/en/catalogue/handles-knobs-profiles-and-hooks-fw04/,,,,,Zamac,50,,,,,,,,,,,,,,,,,,,,,,,,Horizon Line,,,,,,,,/en/product/riextouch-xh02-handle-160-mm-polished-chrome-fwf001234/,,,,,,,,,,,,,,,,,,,"RiexTouch XH02 Handle, 160 mm, polished chrome",,,,,,,,,,,,,,,,,,,,,,,,,,,,,4.39,/en/catalogue/standard-fw040101/,,,,,Riex,,Chrome,,,,,,,,,,,,,,,F001234,,,,,,,,,,,,,,,https://hosting.photorobot.com/images/4748478675156992/-NLv2afnRdKUNEm7iy3N/FINAL/24RdBYrss21vMDLh1r42Yw,,,,,,,,160 mm,,,,,/en/catalogue/handles-and-knobs-fw0401/,,,,,,,/en/
,,,,Metal handle with screws for screwing to the front of the cabinet.,,,/en/furniture-fittings/,,,,,,,,,,,,,,,Matt,,,,,,,,,,,,,,,/en/catalogue/handles-knobs-profiles-and-hooks-fw04/,,,,,Zamac,50,,,,,,,,,,,,,,,,,,,,,,,,,,,,,,,,,,,,,,,,,,,,,,,,,,,"RiexTouch XH02 Handle, 128 mm, matt black",,,,,,,,,,,,,,,,,,,,,,,,,,,,,4.39,/en/catalogue/standard-fw040101/,,,,,Riex,,Black,,,,,,,,,,,,,,,F001245,,,,,,,,,,,,,,,https://hosting.photorobot.com/images/4748478675156992/-Mi6Mq9fNn4OP3erCeRi/FINAL/j97H-K8WmqpmdXuFxCyNKw,,,,,,,,128 mm,,,,,/en/catalogue/handles-and-knobs-fw0401/,,/en/product/riextouch-xh02-handle-128-mm-matt-black-fwf001245/,,,,,/en/
,,,,Metal handle with screws for screwing to the front of the cabinet.,,,/en/furniture-fittings/,,,,/en/product/riextouch-xh02-handle-256-mm-matt-black-fwf001248/,,,,,,,,,,,Matt,,,,,,,,,,,,,,,/en/catalogue/handles-knobs-profiles-and-hooks-fw04/,,,,,Zamac,25,,,,,,,,,,,,,,,,,,,,,,,,,,,,,,,,,,,,,,,,,,,,,,,,,,,"RiexTouch XH02 Handle, 256 mm, matt black",,,,,,,,,,,,,,,,,,,,,,,,,,,,,4.39,/en/catalogue/standard-fw040101/,,,,,Riex,,Black,,,,,,,,,,,,,,,F001248,,,,,,,,,,,,,,,https://hosting.photorobot.com/images/4748478675156992/-NLtwJVNqej0GW0aZsty/FINAL/v_ZbqB3MXURuptxnvPI1Ag,,,,,,,,256 mm,,,,,/en/catalogue/handles-and-knobs-fw0401/,,,,,,,/en/
,,,,Metal handle with screws for screwing to the front of the cabinet.,,,/en/furniture-fittings/,,,,,,,,,,,,,,,Polished,/en/product/riextouch-xh01-handle-160-mm-polished-chrome-fwf001618/,,,,,,,,,,,,,,/en/catalogue/handles-knobs-profiles-and-hooks-fw04/,,,,,Steel,20,,,,,,,,,,,,,,,,,,,,,,,,,,,,,,,,,,,,,,,,,,,,,,,,,,,"RiexTouch XH01 Handle, 160 mm, polished chrome",,,,,,,,,,,,,,,,,,,,,,,,,,,,,4.29,/en/catalogue/standard-fw040101/,,,,,Riex,,Chrome,,,,,,,,,,,,,,,F001618,,,,,,,,,,,,,,,https://hosting.photorobot.com/images/4748478675156992/-NJiRuvt-Tl0ivtHee6Y/FINAL/z2oNM6BhilOkqsqi8sOBBw,,,,,,,,160 mm,,,,,/en/catalogue/handles-and-knobs-fw0401/,,,,,,,/en/
,,,,Metal handle with screws for screwing to the front of the cabinet.,,,/en/furniture-fittings/,,,,,,,,,,,,,,,Polished,,,,,,,,,,,,,,,/en/catalogue/handles-knobs-profiles-and-hooks-fw04/,,,,,Steel,20,,,,,,,,,,,,,,,,,,,,,,,,,/en/product/riextouch-xh01-handle-192-mm-polished-chrome-fwf001619/,,,,,,,,,,,,,,,,,,,,,,,,,,"RiexTouch XH01 Handle, 192 mm, polished chrome",,,,,,,,,,,,,,,,,,,,,,,,,,,,,4.29,/en/catalogue/standard-fw040101/,,,,,Riex,,Chrome,,,,,,,,,,,,,,,F001619,,,,,,,,,,,,,,,https://hosting.photorobot.com/images/4748478675156992/-N8waVHHNsPxpkKOeslr/FINAL/GQtQImPV6aPPzJQycyJ_5w,,,,,,,,192 mm,,,,,/en/catalogue/handles-and-knobs-fw0401/,,,,,,,/en/
,,,,Metal handle with screws for screwing to the front of the cabinet.,,,/en/furniture-fittings/,,,,,,,,,,,,,,,Polished,,,,,,,,,,,,,,,/en/catalogue/handles-knobs-profiles-and-hooks-fw04/,,,,,Steel,20,,,,,,,,,,,,,,,,,,,,,,,/en/product/riextouch-xh01-handle-224-mm-polished-chrome-fwf001620/,,,,,,,,,,,,,,,,,,,,,,,,,,,,"RiexTouch XH01 Handle, 224 mm, polished chrome",,,,,,,,,,,,,,,,,,,,,,,,,,,,,4.29,/en/catalogue/standard-fw040101/,,,,,Riex,,Chrome,,,,,,,,,,,,,,,F001620,,,,,,,,,,,,,,,https://hosting.photorobot.com/images/4748478675156992/-NJehy-PzfvIEnlZF6WZ/FINAL/uml-b3JQxgoMFmyBYWxKxQ,,,,,,,,224 mm,,,,,/en/catalogue/handles-and-knobs-fw0401/,,,,,,,/en/
,,,,Metal handle with screws for screwing to the front of the cabinet.,,,/en/furniture-fittings/,,,,,,,,,,,,,,,Brushed,,,,,,,,,,,,,,,/en/catalogue/handles-knobs-profiles-and-hooks-fw04/,,,,,Zamac,50,,,,,,,,,,,,,,,,,,,,,,,,,,,,,,,,,,,,,,,,,,,,,,,,,,,"RiexTouch XH02 Handle, 128 mm, brushed nickel",,,,,,,,,,,,,,,,,,,,,,,,,,,,,4.39,/en/catalogue/standard-fw040101/,/en/product/riextouch-xh02-handle-128-mm-brushed-nickel-fwf001227/,,,,Riex,,Nickel,,,,,,,,,,,,,,,F001227,,,,,,,,,,,,,,,https://hosting.photorobot.com/images/4748478675156992/-Mi1IZywEHyCs1BoCKDO/FINAL/5VStyKQ8BNQHw8I3K7GCtg,,,,,,,,128 mm,,,,,/en/catalogue/handles-and-knobs-fw0401/,,,,,,,/en/
,,,,Metal handle with screws for screwing to the front of the cabinet.,,,/en/furniture-fittings/,,,,,,,,,,,,,,,Brushed,,,,,,,,,,,,,,,/en/catalogue/handles-knobs-profiles-and-hooks-fw04/,,,,,Zamac,50,,,,,,,,,,,,,,,,,,,,,,,,,,,,,,,,,,,,,,,,,,,,,,,,,,,"RiexTouch XH02 Handle, 160 mm, brushed nickel",,,,,,,,,,,,,,,,,,,,,,,,,,,,,4.39,/en/catalogue/standard-fw040101/,,,,,Riex,,Nickel,,,,,,,,,,,,,,,F001228,,,,,,,,,,,,,,,https://hosting.photorobot.com/images/4748478675156992/-NLuliuz8MT0PRA3ZQ2w/FINAL/ZdW-aVB5er51w38Y5Ir4eg,,,,,,,,160 mm,,,,,/en/catalogue/handles-and-knobs-fw0401/,,,,/en/product/riextouch-xh02-handle-160-mm-brushed-nickel-fwf001228/,,,/en/
,,,,Metal handle with screws for screwing to the front of the cabinet.,,,/en/furniture-fittings/,,,,,,,,,,,,,,,Brushed,,,,,,,,,,,,,,,/en/catalogue/handles-knobs-profiles-and-hooks-fw04/,,,,,Zamac,25,,,,,,,,,,,,,,,,,,,,,,,,,,,,,,,,,,,,,,,,,,,,,,,,,,,"RiexTouch XH02 Handle, 256 mm, brushed nickel",,,,,,,,,,,,,,,,,,,,,,,,,,,,,4.39,/en/catalogue/standard-fw040101/,,,,,Riex,,Nickel,,,,,,,,,,/en/product/riextouch-xh02-handle-256-mm-brushed-nickel-fwf001230/,,,,,F001230,,,,,,,,,,,,,,,https://hosting.photorobot.com/images/4748478675156992/-NLuhkji3b9Nac6K9W1G/FINAL/SawRi58QKG_TY5IOZfMhHg,,,,,,,,256 mm,,,,,/en/catalogue/handles-and-knobs-fw0401/,,,,,,,/en/
,,,,Metal handle with screws for screwing to the front of the cabinet.,,,/en/furniture-fittings/,,,,,,,,,,,,,,,Polished,,,,,,,,,,,,,,,/en/catalogue/handles-knobs-profiles-and-hooks-fw04/,,,,,Zamac,50,,,,,,,,,,,,,,/en/product/riextouch-xh02-handle-128-mm-polished-chrome-fwf001233/,,,,,,,,,,Horizon Line,,,,,,,,,,,,,,,,,,,,,,,,,,,"RiexTouch XH02 Handle, 128 mm, polished chrome",,,,,,,,,,,,,,,,,,,,,,,,,,,,,4.39,/en/catalogue/standard-fw040101/,,,,,Riex,,Chrome,,,,,,,,,,,,,,,F001233,,,,,,,,,,,,,,,https://hosting.photorobot.com/images/4748478675156992/-NqkVbQyhL6AUizC4BUc/FINAL/GP66sa_DKNZNiG-iYwRd-A,,,,,,,,128 mm,,,,,/en/catalogue/handles-and-knobs-fw0401/,,,,,,,/en/
,,,,"3-part kitchen plastic leg with adjustable length. The leg includes a solid flange for screwing under the cabinet body, which provides very high lateral stability of the leg.",,,/en/furniture-fittings/,,,,,,,,,,,,,,,,,,,,,,,,,,,,,,,,,,,,300,,250 kg,,,,,,,,,,,,,,,,,,/en/catalogue/furniture-legs-castors-glides-fw05/,,,,,,,,,,,,,,,,,,,,,,,,,,/en/catalogue/adjustable-kitchen-legs-fw050201/,,,,,"Riex GK40 Kitchen adjustable leg, 3 parts, 100 mm (-5/+15)",,,,,100 mm,,,,,,,,,,,,,,,/en/product/riex-gk40-kitchen-adjustable-leg-3-parts-100-mm-5-15-fwf002794/,,,,,,,,,5.6,,,,,,Riex,,,,,,,,,,,,,,,,,F002794,,/en/catalogue/adjustable-legs-and-glides-fw0502/,,,,,,,,,,,,,https://hosting.photorobot.com/images/4748478675156992/-MkbMT1t1a1lAUFsZKly/FINAL/psOdV9_X-gy1BKlyjgafXQ,,,,,,,,,,,,,,,,,,,,/en/
,,,,"3-part kitchen plastic leg with adjustable length. The leg includes a solid flange for screwing under the cabinet body, which provides very high lateral stability of the leg.",,,/en/furniture-fittings/,,,,,,,,,,,,,,,,,,,,,,,,,,,,,,,,,,,,200,,250 kg,,,,,,,,,,,,,,,,,,/en/catalogue/furniture-legs-castors-glides-fw05/,,,,,,,,,,,,,,,,,,,,,/en/product/riex-gk40-kitchen-adjustable-leg-3-parts-150-mm-5-15-fwf002796/,,,,,/en/catalogue/adjustable-kitchen-legs-fw050201/,,,,,"Riex GK40 Kitchen adjustable leg, 3 parts, 150 mm (-5/+15)",,,,,150 mm,,,,,,,,,,,,,,,,,,,,,,,,5.6,,,,,,Riex,,,,,,,,,,,,,,,,,F002796,,/en/catalogue/adjustable-legs-and-glides-fw0502/,,,,,,,,,,,,,https://hosting.photorobot.com/images/4748478675156992/-MkbHUhsFZonSXjLM_V8/FINAL/2dDDxFIpvBU-Bj9QzuXVzQ,,,,,,,,,,,,,,,,,,,,/en/
,,,,Furniture castor with mounting plate for lockers running on soft surfaces (without soft tread). The castor is equipped with a brake to lock and secure the furniture against sliding.,,Hard,/en/furniture-fittings/,,,,,,,,,,,,,,,,,,,,,,,,,,,,,,,,,,,,200,/en/catalogue/castors-fw0503/,,,,,,,,/en/product/riex-gc10-furniture-castor-d50-plate-42x42x2-mm-brake-black-fwf000843/,,,,,,,,,,,/en/catalogue/furniture-legs-castors-glides-fw05/,,,,,,,,,,,,,,,,,,,,,,,,,,,/en/catalogue/visible-fw050301/,,,,"Riex GC10 Furniture castor D50, plate 42x42x2 mm, brake, black",,,,,,,,,,,,,,,,,40 kg,,,,,,,,,,,,5.38,,,,,,Riex,,Black,,,,,,50 mm,,,,,,,,,F000843,,,,,,,,,,,,,,,https://hosting.photorobot.com/images/4748478675156992/-N0FMPq_lu26gSFdBMJl/FINAL/jOyX6OxUbKnPAobm-V59Ww,,,,,,,,,,,,,,,,,,,,/en/
/en/product/riex-ga77-furniture-leg-d22-h150-brushed-gold-fwf003057/,,/en/catalogue/aluminium-fw050102/,,Design aluminium furniture leg.,,,/en/furniture-fittings/,,,,,,,,,,,,,,,Brushed,,,,,,,,,,,,,,,,,,,Yes,,10,,400 kg,,,,,,,,,,,,,,,,,"Yes , 																			No",/en/catalogue/furniture-legs-castors-glides-fw05/,,,,,,,,,,/en/catalogue/furniture-legs-visible-fw0501/,,,,,,,,,,,,,,,,,,,,,"Riex GA77 Furniture leg D22, H150, brushed gold",,,,,150 mm,,,,,,,,,,,,,,,,,,,,,,,,5.23,,,,,,Riex,,Nickel,,,,,,,,,,,,,,,F003057,,,,,,,,,,,,,,,https://hosting.photorobot.com/images/4748478675156992/-Mv3BpvHz_IhEdtZSX9p/FINAL/w13Oda8a_SVfV5b7NjefYA,,,,,,,,,,,,,,,,,,,,/en/
,,,,Steel round furniture leg.,,,/en/furniture-fittings/,,,,,,,,,,,,,,,Polished,,,,/en/product/riex-gs25-furniture-leg-h50-chrome-fwf001939/,,,,,,,,,,,,,,,No,,250,,150 kg,,,,,,,,,,,,,/en/catalogue/metal-fw050101/,,,,Yes,/en/catalogue/furniture-legs-castors-glides-fw05/,,,,,,,,,,/en/catalogue/furniture-legs-visible-fw0501/,,,,,,,,,,,,,,,,,,,,,"Riex GS25 Furniture leg H50, chrome",,,,,50 mm,,,,,,,,,,,,,,,,,,,,,,,,5.20,,,,,,Riex,,Chrome,,,,,,,,,,,,,,,F001939,,,,,,,,,,,,,,,https://hosting.photorobot.com/images/4748478675156992/-MvPkN9B_GgcusInhkzt/FINAL/KvwJH_ToJ1WoLQNNHne-jA,,,,,,,,,,,,,,,,,,,,/en/
,,,,Steel round furniture leg.,,,/en/furniture-fittings/,,,,,,,,,,,,,,,Matt,,,,,,,,,,,,,,,,,,,Yes,,250,,150 kg,,,,,,,,,,,,,/en/catalogue/metal-fw050101/,,,,No,/en/catalogue/furniture-legs-castors-glides-fw05/,,,,,,,,,,/en/catalogue/furniture-legs-visible-fw0501/,,,,,,,,,,,,/en/product/riex-gs25-furniture-leg-h50-matt-black-fwf001941/,,,,,,,,,"Riex GS25 Furniture leg H50, matt black",,,,,50 mm,,,,,,,,,,,,,,,,,,,,,,,,5.20,,,,,,Riex,,Black,,,,,,,,,,,,,,,F001941,,,,,,,,,,,,,,,https://hosting.photorobot.com/images/4748478675156992/-Mhm9o3KpkVUnI5ZDu4M/FINAL/x6iu6t1uES7nqpTiXJC2KQ,,,,,,,,,,,,,,,,,,,,/en/
,,,,Pull-out tie hanger with side mounting. Plastic hooks that slide out on ball-bearing slides,,,/en/furniture-fittings/,,,,,,,,,,,,,,,,,,,,,,,,,,,,,,,,,,,,,,,,,,,,,,,,,,,,/en/product/riex-vh31-pull-out-tie-belt-rack-29-plastic-hooks-light-grey-fwf001798/,,,,,,,,,,,,,,,,,,,,,,,,,,,,,,,,,,,"Riex VH31 Pull-out tie/belt rack, 29 plastic hooks, light grey",,/en/catalogue/wardrobe-fittings-fw11/,,,,,,,,,,,,,,,,,,,,,,,,,/en/catalogue/tie-hangers-fw110303/,,11.12,,,,,,Riex,,Light Grey,,,,,,,,,,,,,,,F001798,,,,,,,,,,,,,,,https://hosting.photorobot.com/images/4748478675156992/-Mz-LmC3HqtDqkB45_6a/FINAL/3IRsyp5yqBl8KB-n5c7lTg,,,,,,,,,,,/en/catalogue/hangers-fw1103/,,,,,,,,,/en/
,,,,Metal angle to connect two plates at right angles. Reinforced steel plate with screw holes.,,,/en/furniture-fittings/,,,/en/product/riex-jc41-angled-bracket-50x50x15-mm-t2-white-zinc-fwf003105/,,,,,,,,,,,,,,,,,,,,,,,,,,,,/en/catalogue/connection-fittings-fw14/,,,,,100,,,,,,,,/en/catalogue/connecting-plates-angles-fw1409/,,,,,,,,,,,,,,,,,,,,,,,,,,,,,,,,,,,,,,,,,,,"Riex JC41 Angled bracket, 50x50x15 mm, T2, white zinc",,,,,,,,,,,,,,/en/catalogue/angles-fw140902/,,,,,,,,,,,,,,,14.62,,,,,,Riex,,Zinc White,,,,,,,,,,,,,,,F003105,,,,,,,,,,,,,,,https://hosting.photorobot.com/images/4748478675156992/-MuCD0q59XqLXBLUvzoH/FINAL/caH2ElE2REJa86mqFt3kNg,,,,,,,,,,,,,,,,,,,,/en/
,,,,Metal angle to connect two plates at right angles. Reinforced steel plate with screw holes.,,,/en/furniture-fittings/,,,,,,,,,,,,,,,,,,,,,,,,,,,,,,,/en/catalogue/connection-fittings-fw14/,,,,,50,,,,,,,,/en/catalogue/connecting-plates-angles-fw1409/,,,,,,,,,,,,,,,,,,,,,,,,,,,,,,,,,,,,,,,,,,,"Riex JC47 Angled bracket wide, 40x40x30 mm, T2, white zinc",,,,,,,,,/en/product/riex-jc47-angled-bracket-wide-40x40x30-mm-t2-white-zinc-fwf003118/,,,,,/en/catalogue/angles-fw140902/,,,,,,,,,,,,,,,14.63,,,,,,Riex,,Zinc White,,,,,,,,,,,,,,,F003118,,,,,,,,,,,,,,,https://hosting.photorobot.com/images/4748478675156992/-MltNwLjr_Qaaw-4S-go/FINAL/tdHbEEsBat9IgdZA1hBcVA,,,,,,,,,,,,,,,,,,,,/en/
,,,,A small metal angle bracket used for connecting or reinforcing the T-joints of boards. It can also be used to reinforce the bottom of a drawer by connecting it to the front panel.,,,/en/furniture-fittings/,,,,,,,,,,,,,,,,,,,,,,,,,,,,,,,/en/catalogue/connection-fittings-fw14/,,,,,100,,,,,,,,/en/catalogue/connecting-plates-angles-fw1409/,,,,,,,,,,,,,,,,,,,,,,,,,,,,,,,,,,,,,,,,,,,"Riex JC52 Angled bracket, 17x17x15 mm, T1,5, white zinc",,,,,,,,,,,,,,/en/catalogue/angles-fw140902/,,,,,,,,,,,,,,,14.65,,,,,,Riex,,Zinc White,,,,,,,,,,,,,,,F004315,,,/en/product/riex-jc52-angled-bracket-17x17x15-mm-t1-5-white-zinc-fwf004315/,,,,,,,,,,,,https://hosting.photorobot.com/images/4748478675156992/-Mti9P-UXFsN_0QWhmj6/FINAL/qrXecSLD6KzXpZ0qBZvLIA,,,,,,,,,,,,,,,,,,,,/en/
